AH,AH_Max,AH_Min,Part,Part_Max,Part_Min,RI,RI_Max,RI_Min,Vis,Vis_Max,Vis_Min,WS,WS_Max,WS_Min,Temp,Temp_Max,Temp_Min,Temp_Diff,RH,Dist,WD,Hour,Freq
4.65496947,4.74512337550285,4.20471603021305,7.92422888,8.2073736864697,7.34210988805655,0.005089161,0.00533709847871,0.004892773592414,41297.47052,42980.5555201476,40876.4183692402,1.163113025,4.060006888,1.12048322326902,0.747924686,0.778248438072694,0.721995165335278,-0.112,91.1767792593065,4823.781642,121.240887795698,23,83500000000
3.415844144,3.51626924341188,3.31238692580291,6.082570103,6.43880319835825,5.93183829884402,0.0,0.0,0.0,68158.40391,72901.6196318644,64013.72522005,0.415793405,2.184903167,0.400649524003874,0.550685311,0.585519338708688,0.49834622611378,-0.1,67.8165428864771,4821.94437,44.9368261732421,6,73500000000
3.48522634,3.69343603386684,3.20173084179241,12.23484511,12.5704928661779,11.1878132140883,0.0,0.0,0.0,69631.54786,76514.2126641787,65532.3572247829,1.937291441,4.607127846,1.7943948182211,-0.004131216,-0.0038915686797395,-0.0043629495890581,-0.3,71.8841941086046,4825.230493,117.659500628016,14,83500000000
17.09904185,17.7305666113546,15.8209799560006,10.02156411,10.5000675243515,9.1788987480597,0.0,0.0,0.0,3854.820667,4019.19408536775,3795.40327754811,0.0,0.221062516,0.0,23.89725759,24.8106712125208,21.671987492591,-0.67,79.0409254551514,2959.455092,54.0002141084998,13,73500000000
4.922560096,5.391568872354,4.79956590348006,20.86556855,21.75166173707,18.780493924209,0.086701167,0.0868884140385439,0.0828389173327651,31632.1754,33165.1857441277,29345.7052081817,0.261645922,3.478221436,0.246101367043669,0.900053303,0.944085252028376,0.89541227995582,0.6,95.4195766922087,4825.393155,120.187170691426,8,73500000000
3.569347473,3.62035081428297,3.48040393974636,10.1739874,10.1811874362604,9.6645530227015,0.004024858,0.0041236498458161,0.0039589030928455,71614.59214,73420.2528945948,67576.4042809144,0.463564158,2.878249167,0.454337883093699,0.205839593,0.207199800330986,0.190163001080746,-0.2,72.5626517837919,4824.900322,43.0940010453662,7,83500000000
3.420266883,3.69699307715729,3.1546524148612,5.907034654,5.98195162870461,5.41469586753201,0.0,0.0,0.0,68161.11687,72695.6012464157,61853.5488898463,0.417028737,2.133857334,0.412552311214041,0.448933342,0.474553337779981,0.425083554403278,-0.1,68.3801003449154,4822.095253,93.9217208491017,6,83500000000
3.846699104,4.17642094691584,3.63478529764381,6.998817576,7.04159586280782,6.48816783852862,0.000999349,0.001084519417034,0.0009875876219645,28549.41973,30924.3026547117,27375.9119516607,0.165491083,1.419266348,0.15299106536553,-0.752229329,-0.701377743641509,-0.806725117776533,0.1,83.5505995946367,4827.03471,93.7446425270992,4,83500000000
4.726804811,5.07869449100663,4.28284141577413,44.84443803,48.1205777727495,42.0175963049971,0.086100443,0.0934692712313835,0.0837242483239605,7041.881162,7728.11726106733,6834.26741375625,0.980902901,1.968406659,0.931347398018585,0.664473674,0.701085241977656,0.660251938653774,0.1,93.1145472419189,4826.817249,92.1668002476406,3,73500000000
4.829884797,5.12661361428496,4.49190132281606,196.4518499,199.268219573734,193.36971737296,0.594432422,0.647046892137249,0.578533623826369,2188.814022,2254.36023113435,2117.53694043638,0.420736942,0.698137588,0.398297623373543,0.648301469,0.706314503896068,0.627119782250967,-0.053,95.2506446031838,4824.566585,98.5022147161273,4,83500000000
4.43325053,4.77766447153888,4.28915421270479,18.72924538,18.9967670171867,18.0053965355915,0.036414922,0.0378313116077886,0.0340145877921601,43442.34405,45586.9724917731,40100.724109941,0.777292428,6.153288769,0.708241673325818,0.908457118,0.991444121980139,0.898149430659125,-0.3,85.8853635004417,4819.94331,106.893184698106,3,83500000000
4.591759225,4.94355127747106,4.15546452504254,18.94834545,20.024272233593,17.2149761801426,0.005927509,0.0064677312115273,0.0056450312125302,5122.720199,5280.24687054079,5005.82215693008,0.0,0.053213375,0.0,0.203002996,0.220545606042651,0.195745941710628,0.1,93.3658733972918,4823.805031,82.4076927363633,21,73500000000
4.508137827,4.8670786095929,4.30550398593849,0.0,0.0,0.0,0.0,0.0,0.0,73912.90851,74806.4623508685,73380.4807943289,1.481071984,5.40713942,1.34256051139728,0.845097834,0.859137780498603,0.812487401173596,-0.382,87.7154588226015,4823.480878,82.9207956495496,3,83500000000
4.700094113,5.0172794835142,4.58865998561294,7.101704551,7.21335961183536,7.07937381139344,0.0,0.0,0.0,31609.274,33458.9333864526,29353.9785244662,0.775953914,1.303256582,0.70360820453205,1.844470717,1.89280232483955,1.73240776646704,-0.1,85.4311004835706,4818.183466,85.6018204532975,5,83500000000
4.633528982,4.98641001464385,4.33426149777256,23.11570978,24.8068648843081,21.7829893142861,0.059782609,0.0628125852210562,0.0549080553899287,7436.101223,7854.81864812251,6794.92316039578,0.170796198,1.721768409,0.161210370572923,0.727469166,0.7597812784231,0.718456428473201,0.155,90.88404172098,4825.840245,84.7349707288281,3,73500000000
16.21450975,16.8644495043903,15.3286610943858,29.43082734,31.5853439216963,27.5201381180864,0.0,0.0,0.0,21.05480024,21.7883177317897,19.2278157414828,0.199329668,1.953386039,0.186861812101631,25.61326985,26.8137533918395,24.7912358714449,0.34,68.033907576853,2959.977775,117.536380674022,17,73500000000
17.68692454,18.8019498065847,17.127008896201,15.17970167,15.7554471881953,13.7426943608701,0.0,0.0,0.0,9446.603833,9480.92174258256,8559.07244512982,0.0,1.024578289,0.0,24.44352816,25.8411963284019,24.1061892244498,-0.07,79.2653476181238,2964.675409,88.873997381226,11,83500000000
4.882147194,5.11979311415603,4.60824931085335,5.997505276,6.54854585786679,5.58174583039201,0.0,0.0,0.0,19465.42743,20381.3224798111,17652.0980391632,0.0,0.174568198,0.0,1.763535565,1.86325329903553,1.68393161147837,0.1,89.2289529825402,4824.321083,94.5038798835205,0,83500000000
3.496602815,3.64923329212591,3.16417335405711,5.953507533,6.45562699692888,5.64619512019115,0.0,0.0,0.0,68139.50947,71939.5088542196,62748.972588809,0.069983677,2.876798976,0.0670379172808466,0.303164661,0.311066954991709,0.29476061899942,-0.158,70.6097034590872,4823.365279,89.05422934953,6,73500000000
4.008462188,4.11822330554084,3.71168301281908,0.0,0.0,0.0,0.0,0.0,0.0,31319.40301,33187.0261334084,28922.6456495215,0.173113117,1.993149885,0.171484897361489,-1.04120971,-0.973315540389936,-1.07470689196013,-0.3,88.8286239753578,4822.328043,305.061641289741,5,73500000000
4.78217665,5.06452743252354,4.5521965109894,22.7804424,22.9531070100677,22.4764728917355,0.060675355,0.0643018051434324,0.0593737611214806,7439.545287,8170.60385423354,6981.48092873944,0.168291896,1.686758777,0.153156820548818,0.689481791,0.733243988524846,0.62654236835286,0.155,94.0440600122019,4820.80537,97.1950670856429,3,73500000000
4.569391368,4.73489848046227,4.14440365861692,22.25734396,22.2959939529893,21.8592466438192,0.0,0.0,0.0,4597.665734,4730.08938181905,4164.70374078469,0.0,0.0,0.0,0.199122845,0.202269459540062,0.192086436056472,-0.05,92.9358620729992,4819.032579,126.213559523073,21,83500000000
3.676598689,4.04076752487299,3.51722321837229,10.87925189,11.5513420034958,10.4538666638768,0.0,0.0,0.0,58187.63203,62181.9288834896,55975.2135509646,1.342856715,4.203169757,1.30529001350838,0.181222561,0.198114485352404,0.16346931714439,-0.137,74.869686635443,4821.720682,92.9213202120016,7,73500000000
4.890936877,5.22621797152414,4.80314708194223,239.5060437,246.718767986872,225.544949416453,0.0,0.0,0.0,2453.577782,2572.20764509855,2434.64411903895,0.061179267,0.097250213,0.0565725721820208,0.698029613,0.75431522538477,0.653907091721565,0.0,96.1265842386111,4824.991053,97.7062536589834,4,73500000000
3.570582099,3.83492353951395,3.33729482171057,7.854537918,8.48977821736609,7.80988046769247,0.001983128,0.0020569602211991,0.0018511277929865,71087.96336,72417.9743896782,69780.9919066761,0.0,2.736403519,0.0,0.220553916,0.221544123529029,0.217507130384863,-0.2,72.5143238144568,4826.652161,97.0606629096805,7,73500000000
5.282780834,5.80680453329338,5.19972902952522,5.01240093,5.35805430775449,4.64167407221539,0.0,0.0,0.0,5758.233231,5766.39320681503,5704.17732552615,1.293868403,1.879506118,1.18955392153751,1.691250116,1.72712497786601,1.55246247425744,-0.075,97.0262915698163,2012.442125,96.2732807239885,22,83500000000
4.892338785,5.2935917075223,4.7230187489755,225.3610201,225.525228763969,218.709236130255,0.600107056,0.659067013954982,0.569787791166566,2588.252745,2740.22630450362,2462.20032980944,0.087083987,0.882875122,0.0795603600106236,0.665466884,0.665981142062905,0.665227298146037,-0.05,96.3688851201606,4824.431899,104.096810532597,4,83500000000
17.05535327,18.4643420801441,16.0111706984147,11.21650612,11.2614249448507,10.9481638067986,0.0,0.0,0.0,44.48355403,44.943477871971,42.4889705503558,0.0,0.424401905,0.0,24.42939005,26.3110577799076,23.5752849346558,-0.8,76.4960714217593,2959.704833,86.511525848436,18,73500000000
4.808809431,4.8948967134001,4.67880267069603,108.0302693,111.76927610729,106.079976384041,0.298941677,0.317497936816123,0.27596452254225,3457.422393,3722.2945184899,3191.91020109041,0.205795699,0.822261871,0.188058617252968,0.796983463,0.802432450509342,0.745494694453632,0.1,93.8742363218563,4822.543451,77.514006810166,3,83500000000
3.512901109,3.7129412541923,3.30585152451936,6.016985532,6.1149404688626,5.47682387324151,0.0,0.0,0.0,74995.83501,77977.8111358745,70162.7623379119,0.244883309,3.947546047,0.226572725426708,0.455549008,0.463261608297825,0.434037213803205,-0.1,70.2002148401821,4820.728299,104.295199346206,6,83500000000
4.50128593,4.94461175659211,4.11799187280591,21.84778613,22.8665849592669,20.3678430362958,0.0,0.0,0.0,4605.04973,4689.86792889018,4362.5290516479,0.0,0.0,0.0,0.042018112,0.044965185152822,0.0396468622055411,-0.05,92.5461180376829,4821.836991,97.7408452772591,21,83500000000
3.365313014,3.67623370056257,3.03480783399745,0.0,0.0,0.0,0.0,0.0,0.0,75003.56863,78877.4540278461,72511.918518017,0.936923066,4.41259512,0.908181618800042,0.021700766,0.0224438534907266,0.0211798187394941,-0.047,69.2875031020137,4827.699629,84.0524731000494,11,83500000000
3.779821369,4.10500374109031,3.41640070686568,5.089232621,5.50646269964671,4.80658856940221,0.0,0.0,0.0,41645.24817,45713.3909523078,38333.1151411991,0.768516191,2.733157414,0.75279016246116,-0.060594202,-0.0582556785944518,-0.0624796389948329,-0.3,78.2643234920041,4819.320388,81.7421939620145,7,83500000000
3.68417205,3.95496260521173,3.60833463326235,6.119000446,6.34012105118306,5.58956525363552,0.015812688,0.0171204376967108,0.0143516709217956,45222.91686,49532.2981798773,41720.0954542116,0.0,3.274690013,0.0,0.12059401,0.12798797698225,0.110718148772225,-0.2,75.3375878056693,4818.827851,83.2398071535063,7,83500000000
4.723573748,4.85894118637632,4.44422548881509,0.0,0.0,0.0,0.0,0.0,0.0,5392.687728,5626.64496233083,5186.56674340381,0.0,0.66208486,0.0,0.000476695,0.0005195364531572,0.0004386800092475,0.1,97.394677816825,4822.172376,98.8827543210676,7,83500000000
4.493376539,4.62920812548732,4.1934116990479,8.034134892,8.41270010544688,7.64617593457166,0.0,0.0,0.0,5209.56462,5631.20529364615,5065.24553561345,0.0,0.0,0.0,0.127465177,0.128814835048945,0.127265749566514,0.0,91.8415519285345,4821.773804,91.3093240591714,21,73500000000
4.438681705,4.57580634262086,4.38236187257374,20.27968847,21.4616999412629,19.4292741869119,0.0,0.0,0.0,44852.43739,46153.3044654805,42575.5660689982,0.620307781,1.035544512,0.587424667549653,3.366033223,3.38002115384187,3.11851094085717,-0.001,72.8143001598531,4820.713099,88.877754397624,13,73500000000
3.696507709,3.71297478291209,3.41241982691724,0.0,0.0,0.0,0.0,0.0,0.0,74998.57757,77486.8587778427,68248.3332982879,1.823979104,6.536692709,1.7639169806418,2.031920722,2.03459402454036,1.86722253894891,-0.27,66.3410563874074,4826.392078,92.2217586297808,12,83500000000
3.88308779,4.09840265769392,3.66150257456937,0.0,0.0,0.0,0.0,0.0,0.0,26844.28809,28655.6022165796,26299.3479328495,0.025455937,0.254792369,0.0254232394172643,3.067405062,3.13838701179555,2.89052112469959,-1.1,64.9887471915439,4827.467459,120.817130006712,22,83500000000
4.777791626,5.19290554940045,4.55160436254933,0.0,0.0,0.0,0.0,0.0,0.0,22710.33721,23855.3949010983,20594.7218441788,0.976325363,5.679500013,0.936594737187114,0.582716807,0.626448574321965,0.559669657597686,0.3,94.6478661365059,4827.923723,95.6301139016179,1,83500000000
4.90138141,4.90709209787046,4.57865126887526,125.920821,132.325648416384,115.744750835414,0.0,0.0,0.0,2100.223375,2292.08051898913,2027.35571495329,0.108824556,0.150054395,0.105063645934108,0.691605166,0.741007614875245,0.6325489312973,-0.1,96.3742655138132,4820.901375,105.928830413659,4,73500000000
4.364552349,4.52789184655111,3.95924690834647,0.0,0.0,0.0,0.0,0.0,0.0,46941.65485,48072.305928872,46575.6467797754,0.261243086,0.409447107,0.250710457788352,0.630134345,0.648333780742952,0.588215283538286,0.4,86.1810120102188,4822.377992,90.0060787284075,8,73500000000
4.828133293,5.3090931576995,4.74364106490226,206.1529272,207.885348067913,201.09337299153,0.536092199,0.567040379175665,0.488285742829372,2531.639309,2599.87189715888,2359.41118312038,0.822273844,1.18851792,0.770357728888104,0.769669616,0.816267314412114,0.699074871306133,0.088,94.4278478363504,4823.534127,89.3338993882383,4,83500000000
4.011895135,4.31592251823213,3.77888942122702,5.07051285,5.35335431913717,4.74127145462773,0.0,0.0,0.0,18046.5901,19511.1690998549,17690.1240946877,0.348013447,1.874325704,0.331878725301228,0.263517185,0.275914211313575,0.245135571422338,0.3,81.2365153178068,4824.052255,53.5338555898708,10,83500000000
4.947694751,5.07606467095622,4.46819668845705,24.06183224,24.2441559927121,23.7148581982561,0.043085519,0.0460021961193329,0.0404872012454814,16471.26964,16645.6057613607,15351.0617927531,1.249106188,2.876572216,1.14381870029572,2.113959142,2.20024852399614,2.06112927153966,-0.197,88.3041502303804,4818.02059,80.9888682349099,21,83500000000
4.811254602,5.13939632753072,4.58319827465231,19.15331259,19.1899022874578,18.177372653639,0.0,0.0,0.0,16401.00482,17132.5720442204,15954.4866483813,1.153769718,2.775144498,1.08380090678802,2.057033817,2.17064425367558,2.04169790799925,-0.2,86.2006250926683,4824.914188,94.3881391526753,21,83500000000
5.286209881,5.70603703160222,4.94026144172917,8.03559441,8.72351594765687,7.4298146270737,0.0,0.0,0.0,6320.995293,6760.83926672763,5985.16220856938,0.453052123,1.688411611,0.418127729166781,1.772259938,1.89848695268789,1.70998420761682,-0.1,96.5566323200619,2016.102564,86.6536091627084,21,83500000000
3.738274569,3.83166901186397,3.64930994484931,12.09402363,12.1535704378503,11.7790717773483,0.01783352,0.0189545358245442,0.0164800808016486,25907.59258,26275.1897823667,24392.6624466125,0.227125912,1.233958599,0.2159983196397,-0.636874102,-0.588191747114317,-0.679271575443761,0.0,80.5489976424108,4819.064199,93.2371367000873,4,73500000000
3.723212482,3.91103024501677,3.50193021195478,11.19548406,11.7647752934699,10.257342553034,0.0,0.0,0.0,58193.45589,63876.0486115785,54614.5685874222,1.337701345,4.166625664,1.28934676238818,0.245406279,0.263364261485733,0.22886363464359,-0.137,75.4849456392762,4826.546323,87.2173115118401,7,83500000000
4.798671103,4.98907118221311,4.76561058341042,11.04180144,11.5344893185595,10.461999617837,0.009801229,0.0102614022372707,0.0090124624749792,7632.050701,7842.43235193274,7042.15757689134,0.435847952,2.163900544,0.41846405004,0.767287016,0.828985082130326,0.733007152551914,0.2,93.866940784054,4820.241962,94.9389294534042,2,73500000000
4.691753806,4.80392532229523,4.51372330214676,10.88887821,11.8723474305214,10.7866838681501,0.014094949,0.0152587511105271,0.0132472519369623,4211.187894,4393.41825614065,3849.47398275371,0.110736614,0.761271271,0.108055301962323,0.159535504,0.162852964861326,0.15542059988943,-0.05,95.6848238987952,4820.528278,83.0170841051196,22,83500000000
4.621558652,4.92348856828048,4.16684033825791,15.7256178,17.0815600582875,14.8886524508344,0.034355153,0.036206039109567,0.0309478694649271,4040.663948,4108.82829459535,4019.18942769426,0.0,0.692201704,0.0,0.282984808,0.299687883666669,0.269928428352142,0.0,93.456378935533,4820.104612,85.7299347573595,22,73500000000
3.720121891,3.72218490386974,3.53922664137242,0.0,0.0,0.0,0.0,0.0,0.0,74998.16827,75882.4675432978,72500.0537330372,1.87643532,6.539476125,1.75001555694486,2.11750388,2.22467770382471,1.92605584861673,-0.27,66.3790729776857,4822.250255,91.9297188417098,12,73500000000
4.773818379,4.99715608017458,4.35525124626484,0.0,0.0,0.0,0.0,0.0,0.0,5386.635682,5744.7810722718,4874.51909396249,0.0,0.671807039,0.0,0.113101927,0.124065180845622,0.103780433703454,0.1,97.670111037891,4823.104625,96.0903284171986,7,73500000000
4.851620747,4.89892647694892,4.44550168793008,6.954006553,7.54085849648034,6.54294183717629,0.0,0.0,0.0,19802.31119,20449.9702677805,19751.8608702726,0.974408934,1.509182481,0.883957852483131,1.965134317,2.15508462674266,1.94504620904602,-0.1,87.4667242125955,4818.49298,91.5687774507235,22,73500000000
4.271668112,4.44513176350734,4.1326078915835,0.0,0.0,0.0,0.0,0.0,0.0,60878.02191,66293.967694861,60836.2854584461,0.499597765,0.878412532,0.497590649228192,0.814431916,0.829668766523775,0.812659165773379,0.472,83.2890178443738,4818.705931,105.327912413938,8,83500000000
4.535871214,4.56032110252109,4.18616443706258,19.29341267,19.4816374951507,18.9805003553605,0.010065775,0.0101153269236121,0.0097856739742961,4640.250647,4948.60275368465,4200.37211405224,0.0,0.0,0.0,0.185329734,0.190952496842795,0.179031086444379,0.0,92.3416826838356,4823.702541,45.5952630536929,21,73500000000
4.605273832,4.61484831856225,4.35582128846972,29.98187761,32.8284932958558,27.9952928967324,0.058479709,0.0624369852386824,0.0561055846026507,3458.744729,3475.79533416359,3431.48267441692,0.0,0.690621709,0.0,0.077737834,0.0828344833741489,0.0758011232856809,-0.068,94.4514607000264,4826.356002,95.5252189220763,22,83500000000
3.938886753,4.06572288852502,3.61312999243178,4.948689916,5.39893386037782,4.64055585774944,0.0,0.0,0.0,72018.7761,73238.137396879,67683.0289404783,0.766894518,1.624776691,0.714347133951218,0.258334487,0.267005646640887,0.248879256652982,0.38,79.7866003246835,4822.288286,93.9371587959523,7,73500000000
4.873093872,4.9008336675355,4.5681985803309,5.059608378,5.27068126382181,4.92082223373305,0.0,0.0,0.0,7560.410486,8089.41751341296,6943.46720514444,0.0,1.704545876,0.0,0.616012283,0.622400314488402,0.606120870307341,0.2,96.3156922710716,4823.700456,77.9658805007556,2,83500000000
4.061557773,4.21977131515322,3.95454362503083,0.0,0.0,0.0,0.0,0.0,0.0,70627.60228,72114.1721725393,65812.4882666572,0.836239913,1.509538134,0.755425743025252,3.902053507,3.91427729064391,3.87419540346641,-0.202,64.2830757066382,4825.526417,83.1901613507854,15,83500000000
3.906319772,4.18542128771837,3.83218253534472,10.19196988,10.4578180740787,9.92043089150112,0.003042759,0.0032422172151468,0.002890152890093,26474.88665,28408.6334754776,24622.3189854985,0.169278287,1.779622464,0.166729321325853,-0.64509514,-0.622828131621978,-0.698655521064339,0.065,84.2178387980605,4825.831444,120.67329395321,4,83500000000
4.799362415,5.03735928997799,4.78716435514226,10.922999,11.2809961921378,10.1944247774295,0.0,0.0,0.0,7175.042653,7598.9292798601,6796.95332631024,0.420081049,0.91611498,0.399619050879145,0.530076574,0.579357146035675,0.499971115353759,0.13,95.4190442171027,4820.875292,95.9439821101519,2,73500000000
4.823631777,5.24531485196378,4.741616989337,93.27904437,95.1819143809814,89.0249165235815,0.150049808,0.161984895704258,0.147746657888712,3291.145289,3559.86046597913,3170.3072519753,0.0,0.0,0.0,0.55938185,0.585991589499368,0.5127555277514,-0.087,95.7089865241162,4818.772416,61.9533634232866,4,73500000000
4.871360517,5.18069592830681,4.40597763368337,0.0,0.0,0.0,0.0,0.0,0.0,75000.85714,80662.8883186669,72532.5015234102,1.559586891,7.390815227,1.44715824033422,1.346837201,1.42112638326881,1.3186945721527,-0.3,91.5909711381069,4818.34786,91.9452834374297,7,73500000000
3.862889676,3.90339635326552,3.72503720656282,6.861951394,7.47533351123303,6.78902739488784,0.004056443,0.0042802862333898,0.0040203701693158,60073.61685,64637.3454250222,58820.9756453817,2.258642946,3.059858676,2.20976744657295,3.978347618,4.20494891326709,3.6249255467775,-0.1,60.8285449648997,2013.918768,89.9977931946381,6,83500000000
5.331299624,5.36219027311433,4.94037034331108,10.95735661,11.3002396727111,9.87423085777176,0.0,0.0,0.0,6373.165232,6975.90155228472,6281.37481204586,1.343283555,2.331078156,1.25176329068054,1.74891915,1.83662566873847,1.70768406284265,-0.4,97.5346647963215,2017.871157,82.5925049675409,21,73500000000
5.133804724,5.20535172988391,4.6704323559129,6.992739012,7.66886358102493,6.36596405359459,0.0,0.0,0.0,1319.753676,1344.97287298172,1229.08822243087,0.0,0.303724941,0.0,1.485161028,1.48614382175106,1.3478793702206,-0.1,95.6206014093877,4818.639589,101.886743792961,9,83500000000
16.6087114,16.6204479238269,16.588619354383,28.95362641,29.4256857469194,26.8747008343609,4.074127418,4.25115691069095,3.90033468488604,30.56568727,31.7940770239678,30.2381931703449,0.0,1.791900525,0.0,25.47523066,26.7592526660165,25.0152238115034,1.13,70.2296187037817,2960.0651,77.5911335928443,16,73500000000
4.304070246,4.41545180127007,4.3036409284296,12.9986266,13.5795886498218,11.8486476361481,0.0,0.0,0.0,33608.14227,35126.9752087508,32456.7965874583,0.825532948,2.433411073,0.79122668184499,2.185430924,2.30252860176342,2.15259440544832,1.1,76.4464127267862,4820.397331,114.843830213509,7,73500000000
4.411455182,4.81216305975801,3.97535941314861,19.07797807,19.6300745431905,17.72118577817,0.053400185,0.054853869816053,0.0513150842944634,33887.22593,34806.4282443841,31998.6815101339,0.0,3.281258684,0.0,0.939988806,1.01918271474158,0.908416276928681,-0.352,85.2790765119004,4821.781174,86.4285955494715,3,73500000000
3.632230992,3.8163023972446,3.40014572021528,0.0,0.0,0.0,0.0,0.0,0.0,73085.58517,73666.9187538078,72800.7560448715,0.533629247,3.043988755,0.502741381842048,-0.150903726,-0.143902253891487,-0.157128871579402,-0.09,75.6782332600635,4820.381644,51.086591482071,16,83500000000
5.18681511,5.52876907531244,5.16610664116201,5.96371703,6.41472412124604,5.67602336512237,0.009998332,0.0100692446996782,0.0099412001502902,7628.551223,7726.11493448052,7168.44874322346,1.991237822,2.897908223,1.86949485960295,1.745850765,1.78434566544544,1.61242912525252,-0.4,94.911131871702,2015.275797,89.9200019484479,21,73500000000
4.79263423,4.92337570890563,4.43797352052541,10.029045,11.0031326958341,9.37110020376191,0.0,0.0,0.0,7419.969523,7539.23987953712,7056.97381343191,0.730005552,1.647915234,0.69139682898233,0.678258516,0.696336710720063,0.650567592993305,0.132,94.3222099350355,4820.137535,58.5699753254039,2,83500000000
4.739878836,5.06202559515103,4.31451010217493,25.33165239,25.9236921081444,23.9386543561592,0.0,0.0,0.0,7283.926965,7298.85212375317,6669.62651671411,0.580097904,1.773040851,0.573801330238391,0.663982912,0.668479118827805,0.631331817669854,0.0,93.3752357256834,4824.66556,100.789522469719,3,73500000000
17.87154054,17.9676706490425,16.5332748837524,15.06480946,16.0714850852761,14.1534502288345,0.0,0.0,0.0,35184.16014,37685.6303183012,34644.643659682,0.944780041,1.88743101,0.863757333316413,24.40715538,25.5432397965085,24.0994392810959,-0.18,80.2577120834691,2957.031082,174.548203159177,11,73500000000
4.778105869,5.10316960878455,4.43745814662214,15.99100265,16.3285609190255,14.562926634111,0.0,0.0,0.0,17003.06665,18671.5617447666,15574.7868651072,1.318468531,2.44096742,1.30275696204444,2.768105406,3.00814922936947,2.7529033632733,0.2,81.5936499791428,4820.574804,94.1703922852804,18,73500000000
17.48197195,18.3114362803819,16.7517473421872,10.11772766,10.6403344018125,9.73897282542474,0.0,0.0,0.0,5949.51727,6109.37334680392,5744.0117590725,0.123787561,1.05231579,0.12364745141048,24.1415701,26.1028059352906,22.1256758597231,-0.41,79.698229276393,2961.405451,91.7841981925695,13,83500000000
4.832834356,5.25251926469746,4.65862167579638,45.76665153,47.7061896378081,45.451755588798,0.0,0.0,0.0,6687.482909,6881.0917554701,6122.52617332433,0.409719723,1.825827716,0.39782513243322,0.743509868,0.757335006986303,0.699585858430433,0.1,94.6892346136618,4821.740751,67.7629888311297,3,73500000000
4.726938029,5.10035275445776,4.3085999071581,34.94970007,36.8829731805776,32.2380366393776,0.060962524,0.0658149932453153,0.0575965470894214,7114.669915,7680.35565733403,6731.33376398112,0.512192897,1.738054837,0.495268779204977,0.65535246,0.705700682716076,0.603947881650647,0.1,93.1753890234658,4827.771965,62.9176307888851,3,83500000000
4.589743238,4.71109939503791,4.39099953461733,8.089064956,8.8348753286729,7.32328906482931,0.0,0.0,0.0,35673.56402,37844.6051677791,34568.7844784124,0.11124386,0.191904226,0.107623880962831,2.014764237,2.09409507651722,1.9413669427569,0.205,82.4677028240454,4827.002981,85.2808358369446,3,73500000000
5.348933209,5.8363918029797,4.90204002055738,21.61192158,23.2258707092537,21.3326848364963,0.003987684,0.0040445827964817,0.0036170149543396,1623.282574,1628.21764324743,1524.92077032001,0.221228438,0.333987682,0.207872826209768,1.504063436,1.63916557726794,1.38949518254952,0.06,99.4994594800257,4827.678742,86.3277581927497,9,83500000000
4.667341274,4.904274989841,4.43199115911802,7.94195181,8.52218810306531,7.66292592019784,0.0,0.0,0.0,35678.99206,37259.4317622506,34778.5511631518,0.111614356,0.189747887,0.108544395941691,1.936061299,2.04894936424976,1.83942574133012,0.205,84.3104522001726,4826.748193,95.3026710910207,3,73500000000
4.452845961,4.82689332206894,4.21654254159743,9.885048236,10.7100197852525,9.19035531508087,0.0,0.0,0.0,40552.25243,42285.3814636876,39888.7604709828,0.210169903,0.387931308,0.208706528518217,3.396086879,3.69064521498537,3.37070190622152,0.657,72.8997706211942,4826.83156,49.011091321304,11,73500000000
4.977352348,5.2520192605995,4.61796630474345,88.55076776,97.3555193751802,84.04736520751,0.0,0.0,0.0,2080.915767,2233.53797719878,1897.04076800028,0.225405303,0.401501977,0.209649845422208,0.657306346,0.701357538393288,0.641800996129011,-0.1,98.0983141698927,4819.491312,79.9540232058434,4,73500000000
5.302707952,5.37116023807526,5.14412077611606,11.04945593,11.6904305404921,10.0647699107533,0.020042929,0.0202352182315551,0.0188345735568644,8752.46547,9509.65730278475,8207.25909358248,1.774904345,2.594177754,1.69386961931204,1.985786063,2.11809810430087,1.85214966362998,-0.367,95.465381419936,2017.35375,89.701370951538,21,73500000000
4.241807947,4.29770750574396,3.85564605954183,0.0,0.0,0.0,0.0,0.0,0.0,42818.35989,42895.7605519901,38866.8401842783,0.144375068,1.680653558,0.130180284228244,2.143832239,2.21574066916927,1.93152565359341,1.1,75.5528996236106,4824.66884,89.6791163090648,7,83500000000
4.878463109,5.23650800652954,4.50724582649958,9.933929063,10.171175186639,9.3722154465716,0.0,0.0,0.0,7774.691354,7983.28389211513,7490.61880425026,0.776289681,1.904426966,0.736835402575944,0.7940291,0.823355066328346,0.783218976395328,0.15,95.2532262346486,4825.965692,92.0043335858258,3,73500000000
4.871269476,5.15694500290623,4.70670380707204,0.0,0.0,0.0,0.0,0.0,0.0,8022.191651,8660.99696015279,7765.43641521596,0.0,0.322634364,0.0,0.671836332,0.715754564290343,0.616824665541725,0.2,95.9119965208922,4823.550153,86.2831372598737,2,73500000000
3.912539547,3.91715768321535,3.70692028323328,5.96583387,6.03924346783695,5.46561137600839,0.0,0.0,0.0,64627.15574,66941.1035965536,62116.849962298,0.800034068,4.554663883,0.750688821559913,0.602576451,0.627298828613736,0.547262291990226,0.132,77.4017931892562,4821.230349,72.6031744082732,5,83500000000
4.484488585,4.80457903619527,4.44147154216427,12.85595283,13.0969722449727,12.1483668988475,0.0,0.0,0.0,4747.043201,4979.07702024993,4445.05578020087,0.1067218,0.253946377,0.099966136309634,0.193907164,0.198694270581862,0.182402771169728,0.015,91.2417738679325,4819.792191,101.346288983995,20,83500000000
4.498145471,4.62821948794186,4.19035139838937,8.888057457,9.58087651999541,8.14720920795725,0.012199619,0.0131469241761149,0.0110399403308099,5134.457539,5579.94408282403,4683.54429915872,0.066131578,0.333052318,0.0597847377350275,0.216369627,0.237055922831644,0.211221305644309,0.05,91.3783391454271,4827.744276,98.9712792843166,20,83500000000
3.389070125,3.49211544248727,3.10163984161687,0.0,0.0,0.0,0.0,0.0,0.0,75002.01855,75386.8086569337,74182.5236714956,0.604953732,4.04170881,0.569011167650399,0.09685982,0.106531363216843,0.0930941924021089,-0.1,69.4163804306879,4826.163268,93.1425290929103,11,73500000000
5.277573379,5.54247474307821,5.01741511261321,87.55790941,91.5786771350709,81.2178407189851,0.272725473,0.295720254712838,0.270911125551302,2398.774206,2489.07838886462,2375.44773383664,0.082849296,0.112817256,0.0753655164873364,1.453594098,1.53533958835847,1.4017201609844,0.092,98.5097979564345,4819.370272,86.1787090970662,8,73500000000
4.548991341,4.9001778202276,4.1717808255606,17.09280432,17.640563957366,15.6004149141685,0.030175702,0.0320119208354189,0.0293325798308954,4386.441123,4509.22471068237,4001.00779896079,0.051985701,0.184127672,0.0499563565004948,0.115752372,0.124445197948719,0.111361454173392,0.1,93.0532745437341,4818.996668,104.819865097329,21,83500000000
4.745776398,4.8564227528535,4.44351524858285,7.855904301,8.22126367486222,7.67522532030083,0.047735762,0.0524666879975793,0.0432510546330833,39123.24714,40288.4435890596,38089.5213076565,0.39243001,2.719376901,0.378687243227796,0.660718678,0.711927336591704,0.599517372196725,-0.225,93.5123307876257,4825.634696,94.4854887067281,23,73500000000
5.313938395,5.73755190971889,5.03063112055564,65.24132366,71.5830342442976,58.9972591348796,0.147887483,0.162284258184534,0.146194801773031,2103.813253,2261.66949338371,1921.61499341538,0.056591466,0.078937796,0.0532396758385859,1.448326429,1.57200520018439,1.44681607543117,0.0,99.2241491610093,4824.762568,91.5686308863044,8,83500000000
17.16657503,18.3634123050274,16.6368744473246,0.0,0.0,0.0,0.0,0.0,0.0,495.6476058,539.96301073226,491.74464550016,0.0,0.894605417,0.0,24.55526671,25.9156759134437,22.9892617902537,-0.91,76.4487993125304,2960.86207,88.0138009543485,18,83500000000
3.612312471,3.77126741573968,3.55388077483083,8.01713652,8.62289668945536,7.85711238777273,0.007970721,0.0080238510781696,0.0075129372856355,72006.97963,74348.9301237555,65345.4999691703,0.7135481,3.189898864,0.663525078058738,0.29542766,0.319175920685166,0.290002937370618,-0.2,72.985122795918,4820.940474,97.0227559456035,7,83500000000
4.725969256,4.9306349003406,4.39022594990392,13.9466579,14.9451633862046,13.3825307248748,0.0,0.0,0.0,7281.18457,7383.49350317435,7152.06204328233,0.917761626,2.086761802,0.875645035117675,0.710916018,0.75168484753766,0.687554089550138,0.1,92.802355816364,4827.473517,85.1238843475144,3,73500000000
4.863396646,5.25171200977664,4.81767335360915,44.75236247,45.943861839617,40.2796242828786,0.086727117,0.0887921591537459,0.0853856383481643,6689.681403,6843.57202775256,6136.99654866702,0.411653238,1.85361948,0.373780225602868,0.655564211,0.713969229959648,0.652231615263841,0.1,95.863812133251,4824.031123,89.2031595200671,3,83500000000
4.708678215,5.09767986761355,4.46191281971727,29.66146358,30.8309838607865,27.0768433070393,0.058774971,0.0617689859519873,0.055056843613477,3457.239393,3686.1239777206,3378.03176098196,0.0,0.713223582,0.0,0.202250102,0.218472008141759,0.199561942879085,-0.068,95.7481874689306,4827.955674,45.8533810692183,22,83500000000
4.575640482,4.72348649028763,4.22286271898804,16.9354061,17.6003554778296,16.2971085528593,0.028515428,0.0311221592924766,0.0274391591999752,4520.056519,4959.87070833658,4351.16023085484,0.040661033,0.166592694,0.0396018267841843,0.177401237,0.187253820982317,0.165714367982501,0.1,93.2021353290227,4823.015414,98.737354290233,21,73500000000
5.315105573,5.74698904689574,5.1109164865742,50.10778066,52.6576762171444,47.4096372839717,0.08347746,0.0887514931318481,0.0788879108010911,2324.42325,2362.54083816289,2190.66105578619,0.0,0.458428972,0.0,1.421291143,1.52704716840015,1.3097332005488,0.053,99.4287721875778,4821.824104,90.0936803736074,9,73500000000
4.950246897,5.21319732987983,4.52430063668341,213.4665,227.972945627966,196.189882531115,0.69281204,0.714606912693493,0.691111868142091,2058.200662,2235.92141063009,1951.34167435505,0.347506486,0.531329972,0.327166878839737,0.516536061,0.547260501397052,0.483687341198006,-0.1,98.5103345716231,4822.95568,87.1300961083989,4,73500000000
4.546772196,4.70267235627988,4.46880384850388,22.91017627,23.9633101535353,22.8370319907138,0.04209624,0.0455184789674212,0.0401920555161003,3776.716672,3863.55808900385,3464.57221039578,0.173027771,0.511100468,0.16295383317259,0.066616977,0.0730136795658463,0.0654260812346455,-0.043,93.323068151303,4822.924796,40.1733837991071,21,73500000000
17.44366459,17.9106473894824,16.6226659019655,9.877506056,10.4477406747803,9.44413168340763,0.087211988,0.0942091633551337,0.0785989753814002,5946.904851,6337.72980664559,5600.78107421437,0.126440606,1.085642493,0.126082815778264,24.12019417,25.3356931989315,22.8001284299668,-0.41,79.6200446111304,2956.344102,91.4164646440632,13,83500000000
4.024127986,4.33563716539321,4.02239564815889,5.880663224,5.88332257898277,5.8448824174318,0.0,0.0,0.0,17796.12421,18172.6343847138,17134.1897500314,0.448477216,1.281347587,0.442920178825506,0.656107856,0.697561191889937,0.652862133817573,0.34,79.3177909240878,4822.627799,91.3589285520113,11,83500000000
3.41932444,3.69739605622896,3.16785756686445,0.0,0.0,0.0,0.0,0.0,0.0,75001.59583,78228.4211116546,74070.3390581335,1.200120508,3.946685024,1.14393022774494,0.016734344,0.0179682589432174,0.0159465752440136,-0.3,70.4236214633961,4825.194277,96.021219422869,14,83500000000
3.636218088,3.71782347619679,3.3366855393791,19.15591675,19.7910639440077,18.4908361367529,0.02838961,0.0296477379706173,0.0276888475588916,40531.20697,43355.8687073077,36929.8350550456,0.530488426,3.060557032,0.528528723516844,0.08013825,0.083184781386337,0.0766475133666537,-0.27,74.5643707896308,4818.001256,88.6911977255143,7,83500000000
4.545527174,4.83801276864513,4.28040510130018,16.82651578,17.2532290682078,16.7542367176168,0.037525377,0.0393354752764478,0.0354543204279694,4318.851666,4635.16831764691,4112.98389800974,0.046545569,0.115071918,0.0448273272956889,0.216481085,0.229925788476102,0.198772567483696,0.1,92.3401748997857,4826.724885,101.516748718649,21,73500000000
4.68273194,4.90353028984773,4.34480210299869,7.122744959,7.51687498949654,6.99284979711418,0.0,0.0,0.0,31609.03779,33865.1054870772,29834.664351138,0.796828922,1.274944466,0.766044327305221,1.815363831,1.85862991605445,1.74494713851582,-0.1,85.2837824087619,4827.643073,103.436420005483,5,83500000000
5.535058138,5.95257005619223,5.33101336760596,6.115464139,6.58707303569663,5.96486443739993,0.001000812,0.0010401545442929,0.000952245026649,4619.090621,4957.77603515241,4603.0643171957,0.282609562,0.77506373,0.260902728317449,2.088601019,2.12465507575719,1.99340691236809,0.7,98.9568694207278,4825.800931,98.7186381874641,10,83500000000
4.862268996,4.96653730172269,4.46977242177235,72.67667166,78.5575532685971,67.6767974371298,0.0,0.0,0.0,3347.349508,3540.98452394931,3233.16714329702,0.0,0.690930883,0.0,0.604340621,0.624746901443584,0.566800310164709,-0.1,96.1786636548468,4820.758391,92.3464779417545,4,73500000000
4.988064076,5.4847933940333,4.66754128695872,89.41728939,89.5766952531266,88.5140928433766,0.0,0.0,0.0,2076.106535,2145.42182956866,1889.6107296491,0.226646522,0.405895137,0.207689643746217,0.502833663,0.518040307961911,0.501964458938577,-0.1,99.3562623460739,4821.999693,47.6630169398677,4,83500000000
4.848067681,5.07878881786214,4.51315531183937,11.04662024,12.0000134016898,10.6840726062739,0.0,0.0,0.0,7289.800122,7858.63439912265,6619.80328911975,0.147103298,0.558905472,0.143206097851213,0.587018685,0.631218360389078,0.572833113799391,0.118,96.0117079236319,4824.735302,39.7495606750459,2,83500000000
5.18845951,5.48590933379381,5.12534949853892,13.17495319,13.8038259025311,12.188805534081,0.014023505,0.0151099797512854,0.0129488586458802,7243.953092,7256.89795252005,6800.01396864821,2.633067676,2.881565006,2.61547362152707,1.899249,2.03266005135283,1.77236807358047,-0.4,93.9581081516896,2015.233562,30.9493239742955,21,83500000000
3.77530099,3.92011004599994,3.64360162872681,6.040812051,6.64316484073366,5.92911977355205,0.0,0.0,0.0,64626.89669,68775.3350391478,63517.7755337105,0.814577043,4.527522826,0.777063359575563,0.598952544,0.629222814106601,0.557865825149142,0.132,74.7053598116444,4820.538668,83.8212554221096,5,73500000000
4.575249405,4.90758137756985,4.51922028765655,107.4244518,112.534361480317,98.7050192458965,0.0,0.0,0.0,9563.961561,10186.446455275,9268.23687330479,1.75101598,3.981513293,1.60934231015231,0.856206161,0.932701091359193,0.820187594427036,-0.3,88.9536319413264,4823.783164,99.546644550489,3,83500000000
3.307861399,3.39844270133165,3.25665982994119,9.824271198,9.89218341177737,9.59750268006329,0.0,0.0,0.0,61883.29224,63102.768975516,56891.9861244092,1.624222602,4.57654489,1.47902084017527,0.167383427,0.179124743260691,0.157825125118474,0.017,67.4249484699302,4818.932188,114.627009051262,10,83500000000
4.85896789,5.1534179495278,4.67792273514627,115.3407338,121.684512684365,114.267112841323,0.299370803,0.306624703803095,0.293472563259905,3899.063678,4045.96339798601,3592.16874625435,0.761376971,1.13619735,0.714789455116199,0.675225249,0.73988773860566,0.671389536548915,0.07,95.6475754902263,4824.661276,88.2556016263154,3,73500000000
17.69716214,19.3329747950116,17.1923832859195,29.74456656,30.5458072629812,28.6136998438222,0.0,0.0,0.0,30.73197747,33.623772942934,27.9239828082129,0.084346197,1.400831995,0.0823552594934981,23.78152594,23.9899304835858,22.3223980630209,-0.63,82.345614530702,2958.800383,26.6782769864072,12,83500000000
4.712374025,5.1355337438087,4.30537954111506,25.10328563,26.721494102621,23.0316807558468,0.064451871,0.0646131588247674,0.0622759562606937,3805.572997,3929.9477559582,3486.53085905631,0.0,0.390792431,0.0,-8.06e-05,-7.85871657049903e-05,-8.50704128931376e-05,0.058,97.1674835963652,4823.515468,118.790808255592,22,73500000000
4.679029946,4.84275983465161,4.63559692521889,29.50604895,30.1207131937121,28.8938137677214,0.065523097,0.0682577654767054,0.0602519826313601,4532.88521,4751.38323951008,4393.64535194231,0.0,0.222560722,0.0,0.101467215,0.103984180406436,0.0943646432629336,0.2,95.8074920056648,4824.283431,48.3454476795704,21,73500000000
4.83392671,5.02711657377858,4.67731177591591,18.9645887,19.6222424889519,17.4441491129776,0.0,0.0,0.0,18341.17154,20018.9687037942,16775.0953439347,0.776232801,2.425417927,0.746192263892086,2.04237623,2.09054625715815,1.9658190429763,-0.2,86.6928468862749,4826.494789,83.9875354369848,21,83500000000
4.841092582,5.23511040379423,4.46711303299264,234.9366394,258.080312773578,227.246396610261,0.0,0.0,0.0,2439.016114,2667.41754097605,2333.04614061961,0.561147228,1.180252615,0.553473084127365,0.72362635,0.757084801062629,0.720656181530702,0.0,94.9802770942909,4824.884851,96.4811489855386,4,73500000000
4.549047062,4.80805066117019,4.20952342258672,5.053676529,5.4567618461752,4.69737554108929,0.009931327,0.0099977526072767,0.0091537751292578,5094.951616,5307.74878349179,4819.25026571688,0.121217385,0.416227493,0.120624454488586,0.163024617,0.164778394110547,0.158684031252056,0.05,92.7521543995579,4823.301825,103.920835321189,20,83500000000
3.828336285,4.00974407935057,3.70372719753469,7.070619041,7.717540747129,7.00770397518518,0.009057814,0.0091667235837483,0.00880292202504,28784.04201,30511.6019350099,28617.8937751663,0.435846938,1.003000774,0.400151734959667,-0.738623377,-0.702768545930197,-0.796605464688064,0.085,83.073343990348,4825.552184,92.9566469438191,4,73500000000
4.842837278,5.25515986753124,4.70879462539775,10.13684474,10.2614168038554,10.033914346096,0.003005298,0.0032475763157074,0.0028888871459761,4215.21587,4521.59071188004,4146.59779324979,0.0,0.0,0.0,0.665896331,0.719076226971647,0.620025157459115,-0.048,95.3910015571895,4823.127929,56.7491908640957,4,73500000000
4.905943103,5.39526773576992,4.90165051747328,175.3500345,191.412426183827,165.862670847885,0.514571302,0.554224141493143,0.469097175510929,2671.590867,2806.27122812686,2576.67902945716,0.168376955,1.241477852,0.152430259291823,0.748066227,0.753939902979662,0.731215647691358,0.0,96.091662714076,4824.405375,86.4551343927884,3,83500000000
5.000668164,5.08397101083434,4.71742415762253,90.80412523,92.325619308825,88.4750098659781,0.230463863,0.245730304356342,0.227007149238995,3102.490891,3253.77358416825,2996.3722875135,0.0,0.0,0.0,0.562835032,0.60294228703401,0.528063801401889,-0.175,99.1981920967177,4818.982512,90.2248735389089,4,83500000000
3.614286017,3.7954139955535,3.47820865572474,4.913528784,5.2463736075626,4.62892730331537,0.0,0.0,0.0,75004.68187,75113.7594562357,69425.5679946436,1.348537804,3.813740596,1.26338155859699,-0.145756838,-0.145703045064122,-0.147965154593542,-0.1,75.277610768592,4820.512483,90.574955184734,16,73500000000
4.824959544,4.84081181569632,4.62096712502938,149.0891439,159.668085889025,138.374884641167,0.0,0.0,0.0,1941.316905,2121.00094200487,1819.0690690346,0.036463455,0.051830752,0.0329494136125209,0.571423154,0.61493749521203,0.535281399607258,-0.1,95.6563096668651,4820.868291,96.9708196927103,4,83500000000
4.844381501,4.98341614011308,4.61633106012268,6.028559722,6.20414852203741,5.82220463176799,0.016159045,0.0176929380433478,0.0159018072499667,23256.81118,25202.2833458396,21375.4679604089,0.574774342,1.348334297,0.569360800636531,1.956597772,2.05389926910619,1.80372431649812,0.362,87.3867583218011,4823.766391,127.384481416069,0,83500000000
4.978327871,5.14687479376076,4.87671442675875,237.4867988,246.106236749191,235.240911445898,0.0,0.0,0.0,2503.344056,2684.37421220462,2440.767154196,0.337026469,0.950711871,0.312366105626608,0.604941145,0.660485185341581,0.595995809842875,0.0,98.4703254145581,4822.935224,84.1250240358325,4,83500000000
4.891197876,5.20861449541183,4.77418477273384,75.37051698,79.0491776874925,73.4744831030422,0.0,0.0,0.0,2530.945192,2755.47672468383,2373.55254862878,0.22291888,0.395243074,0.212208324203567,0.521257709,0.531985490973584,0.512301130158096,-0.1,97.3037297350191,4827.248866,103.982864607559,4,73500000000
17.49643166,19.1103587957802,17.202573936708,13.95216338,15.2526765904464,12.850292262095,0.39933595,0.425826181331668,0.363379888981997,260.1232736,267.256228443664,239.194207267249,0.341704572,1.275109695,0.330438823141607,23.87814624,25.8377880559993,21.6090019870809,-0.67,80.9657373716612,2964.561897,84.0972784768346,11,83500000000
4.024800328,4.19508605803814,3.85057990059756,0.0,0.0,0.0,0.0,0.0,0.0,19121.77197,19298.7627183807,17277.3582061905,0.0,3.130063562,0.0,0.278859807,0.298836494406008,0.276760302500945,0.2,81.411914917003,4819.551317,127.491809074959,10,73500000000
4.600593127,4.85754133292419,4.30607540230966,8.097707397,8.2864286922385,7.45158104883849,0.0,0.0,0.0,5411.542844,5769.77705741434,4885.32986088671,0.0,0.0,0.0,0.216282886,0.23041533279497,0.209191434205624,-0.032,93.4600870148927,4820.335438,117.689283029709,20,83500000000
4.823485805,4.99815188657003,4.74514363127202,104.6394378,113.41431592731,104.596173594243,0.0,0.0,0.0,2052.30821,2229.33212256961,2021.86368494846,0.131094959,0.265034231,0.118401691397181,0.591915988,0.592157046543811,0.570768187013441,-0.1,95.4928159040634,4823.7054,90.4987676131846,4,73500000000
4.842706077,4.92429646749264,4.4672517972959,42.6816655,45.3771742585162,41.7106855212968,0.060950634,0.0644286682061311,0.0567059852046557,6728.536247,6749.72218713527,6214.55446592416,0.513911143,1.633332932,0.513164616318888,0.760069793,0.806175471961721,0.687804132565053,0.1,94.7751281189608,4826.6416,84.6710550971527,3,73500000000
4.904612673,4.93539090673859,4.81181207458278,111.7673421,120.044681009371,106.724896422473,0.299919377,0.313649467458907,0.285560103536859,3459.168897,3645.00602474033,3340.73973657274,0.210203149,0.814994128,0.208487042166381,0.813956325,0.857417104878937,0.771319557306936,0.1,95.6332882603056,4826.419899,97.3007315987859,3,73500000000
4.595828403,4.84642219275334,4.47298558682818,8.997821227,9.47418045050794,8.68124774801048,0.012235545,0.0128637673772294,0.0112580689076425,5129.838914,5213.69471114133,4644.71968950763,0.066916453,0.323004724,0.0625256922573064,0.232758743,0.238002916599736,0.220197065368819,0.05,93.257559911052,4823.682702,106.033606153702,20,73500000000
5.238595925,5.40883627707087,5.18024188839844,5.98602125,6.38226275878707,5.74508418865089,0.01009444,0.0105010739612001,0.0092858257767768,6299.168473,6616.42380379417,6147.03130111437,1.742301145,2.244847077,1.72704543895086,1.81370754,1.97845847886541,1.7184843735325,-0.1,95.4181231420373,2013.044043,99.0607312286453,21,73500000000
5.318873239,5.79569076916646,4.85761894313368,10.16050536,10.3213590979675,9.80909174381494,0.019675224,0.0211497609950595,0.0177435727916907,7415.015083,7734.68380428756,7347.88518416982,2.205694591,3.02819805,2.13470595053196,1.785509196,1.92944236676521,1.61540355580263,-0.475,97.0659160308887,2019.836121,87.1820053027634,21,83500000000
4.98882084,5.38770622786983,4.85046672623791,36.19506605,38.8315577006419,33.0486194788105,0.080893208,0.0863074959651725,0.0736651811739077,15250.82711,16577.6508405733,15072.2592208867,0.384379081,2.563821717,0.377548398326547,2.006043043,2.08300623774233,1.88188135538556,-0.2,89.6912378345396,4818.836949,95.2717888387001,21,83500000000
17.13510904,17.6220494262936,16.137990785373,10.78481397,10.9694203056841,9.99003620124011,0.228381928,0.229884321849716,0.227860856526616,43.81456499,48.0758783290923,43.058446863194,0.0,0.413051935,0.0,24.46769325,25.9672781666596,23.4383245607067,-0.8,76.6874471363473,2963.652606,91.6278628752591,18,83500000000
4.939050782,5.32764280447876,4.51891734330985,0.0,0.0,0.0,0.0,0.0,0.0,2026.425491,2066.69215341361,2008.52667664209,0.0,0.019223103,0.0,0.607670692,0.628450056216118,0.601134394362833,0.1,97.6751537126572,4826.866439,100.153080156295,8,83500000000
4.923751594,5.05611158619807,4.51674943244036,181.6163324,187.04879267167,176.470718971674,0.495901055,0.516565956316933,0.451564130227784,2592.217235,2697.91703084884,2486.19978946979,0.369078339,1.091912362,0.345337997699262,0.721456516,0.776322151989837,0.651399560976895,-0.002,96.6163700317182,4824.614223,111.482004003165,3,83500000000
4.880290835,5.24425402854181,4.69581736673869,192.4115103,204.256455070222,180.386318819375,0.0,0.0,0.0,2186.174097,2246.98854235478,2047.77866663456,0.420412478,0.715670695,0.383445537300523,0.681168342,0.714696141481618,0.637873609750351,-0.053,96.0282041403432,4823.092878,96.6177971005074,4,83500000000
4.56716968,4.8111624038568,4.16199654819021,0.0,0.0,0.0,0.0,0.0,0.0,4729.631633,4926.38671662972,4530.80242268049,0.255680656,0.554918333,0.240506117002044,0.10772261,0.108207283770695,0.105397607555581,-0.083,93.4767843686996,4824.397825,88.0734241099636,22,83500000000
3.625585631,3.83936415080521,3.28128179096699,10.79513828,11.6875875590187,9.81658909105314,0.0,0.0,0.0,53024.56152,56928.7381220212,48388.3234023724,1.177907286,4.662668326,1.07719679943169,0.347037126,0.355821022428509,0.334901704389045,-0.1,72.9939646734193,4819.241743,88.1327455078409,7,83500000000
4.792912497,4.92988096705061,4.52512015881218,143.8074543,145.06025543145,134.295265499749,0.433968926,0.468769432255231,0.399499068896571,3203.247979,3209.31777377894,3184.20813422189,0.391669286,0.659017448,0.376816563742983,0.698041734,0.737935548170272,0.692418775551628,0.048,94.1999326381951,4819.109067,105.777190368973,3,83500000000
4.714880118,4.89554015972635,4.42693032575735,11.00638444,12.1059297714226,9.93854695779315,0.009989568,0.0104189667058202,0.0099610193276737,7633.977176,8271.32843841517,7589.23683510997,0.451235501,2.100908151,0.432590448406215,0.689578014,0.752033263221665,0.685756466180211,0.2,92.7200265425034,4825.907823,177.691272639239,2,73500000000
3.390136184,3.4943788949126,3.3754240251114,0.0,0.0,0.0,0.0,0.0,0.0,74998.11245,77890.9986620554,68315.9899721405,0.974849021,5.175323351,0.900989304162911,-0.061725825,-0.0591550795839925,-0.0655846023327117,-0.1,70.2010464329648,4820.918184,83.6903315876573,11,73500000000
4.980216812,5.07852071343394,4.52216494040924,0.0,0.0,0.0,0.0,0.0,0.0,24743.8664,25868.2714786793,22493.959234804,1.418095757,2.877599766,1.34339392731031,2.012031112,2.11658001480098,1.81477109654001,0.563,89.5002340994374,4818.010622,88.2847926890619,0,73500000000
5.193986314,5.48243634393904,4.99231972295504,10.09190487,10.0931651430968,9.16242099307021,0.010957526,0.0115229836363226,0.0100847468559078,6665.202154,7263.04253187795,6179.72241542069,1.254026192,2.191372509,1.22513146951364,1.815069264,1.84104866882919,1.81349798507894,-0.4,94.5968419548095,2018.623957,87.0641195656718,21,83500000000
4.500319908,4.78275830688431,4.36483066711144,19.12412183,19.644762057388,17.8828861283674,0.0,0.0,0.0,5124.469641,5457.39319774403,4823.89469288033,0.0,0.0,0.0,0.237413077,0.248807765638128,0.21814065015543,0.06,91.2902977977248,4821.22203,58.5940535408324,21,73500000000
5.04799383,5.50075817927857,4.62319423197245,7.021710255,7.18418050344548,6.37586409140902,0.0,0.0,0.0,19806.48918,20939.7653713569,19108.4438288682,0.968791738,1.542423978,0.940329011066552,2.097559611,2.1174466943204,1.91513260764725,-0.1,90.1943162055665,4827.102422,112.878518636432,22,83500000000
5.252904366,5.57272490744575,5.01110570989289,88.41143952,88.5345220866874,85.3260595619408,0.200650337,0.204484798532649,0.18882364879698,2053.207343,2102.77480726984,2028.60351720827,0.083545828,0.130814515,0.0820909426758285,1.346140285,1.4700580181143,1.21329549787595,-0.1,98.7694206225207,4822.725633,88.4999034652048,9,73500000000
4.90428539,5.35382264845498,4.85141654696837,216.8829895,219.588975636587,214.99628990585,0.0,0.0,0.0,2411.127674,2423.72250705246,2265.4423117876,0.427548,0.83741003,0.391255048568744,0.671627598,0.73858956782933,0.61992272246784,0.0,96.5634385084958,4819.775519,25.1401208990697,4,83500000000
4.854263219,5.32787235324421,4.36999542615884,89.65989496,95.6670595578906,85.4133979830552,0.254399427,0.257830295033678,0.250060299212862,3685.326591,4006.63081179241,3475.25230029522,0.41407338,0.875183051,0.386130797591055,0.73976883,0.794923696970836,0.70093158950726,0.1,95.1334553674756,4822.34914,98.8586217340568,3,73500000000
3.997025948,4.39516716507471,3.87801241088019,27.22474224,27.6012181512425,26.9557925130475,0.053448749,0.0560452652953794,0.0489512084825269,30416.31153,32701.6310509169,29675.3708756391,0.958905729,1.769919021,0.947367843642321,4.060740541,4.21190754373818,3.95771462839023,0.282,62.5962334633695,2021.653659,91.9544306334019,7,83500000000
3.500388206,3.51565857949194,3.44551486774518,7.992126101,8.0768737266896,7.44764958870189,0.0,0.0,0.0,73137.16015,80394.0178923926,71980.0179457182,1.792680625,3.619949011,1.66821884339104,0.051971604,0.0523066652580828,0.049865649496542,-0.1,71.9184093879488,4818.485802,70.5253429091044,11,73500000000
4.62761263,5.02418485955504,4.60337326800852,7.862179826,8.26555989760413,7.11238355746499,0.0,0.0,0.0,5216.165687,5341.76128128526,5099.90488384327,0.0,0.0,0.0,0.208504914,0.22078920703066,0.207359890712517,0.0,94.0592894843414,4823.086964,136.998030183936,21,73500000000
3.994647927,4.11628115701971,3.67472472083111,5.052319858,5.3819591372442,4.93648553218924,0.0,0.0,0.0,18048.59633,18592.5636292143,16835.4457672908,0.343053194,1.849479902,0.312324507595364,0.289872662,0.302942203058194,0.280303861525842,0.3,80.7408590327025,4827.009307,39.3437792589927,10,83500000000
5.305079101,5.51073798792552,5.25561853605643,49.8552865,54.8398908088317,46.0155194576175,0.08377268,0.0857548360978779,0.0767212875971317,2317.795189,2415.62618554194,2234.29015126727,0.0,0.442461372,0.0,1.368196437,1.42368382883352,1.25171687690756,0.053,99.6006901796209,4822.065288,45.2692986928031,9,73500000000
4.786269106,5.04265953964773,4.34793365161652,21.41029034,22.9097335029412,20.5076738995243,0.047114153,0.0518223572262143,0.0449500570053821,6809.201925,7223.72538898395,6368.21134879846,0.182007711,1.254211174,0.164315838558408,0.764697486,0.778605707441421,0.689605303760508,0.015,93.6409444744559,4822.201802,80.7284781268717,3,73500000000
3.906577475,4.2873480288312,3.81214676240359,6.925324014,7.3448127365033,6.5035841181588,0.002973998,0.002990326308329,0.0029280487984083,26092.39864,27401.4152788124,25268.8155602634,0.0,1.627908939,0.0,-0.998923524,-0.977921575596326,-1.07274440071279,-0.352,86.3167680141284,4822.937271,106.978286102083,5,73500000000
3.631577558,3.77330547673245,3.34519464564066,10.85617511,11.7827001070734,10.8248463970903,0.0,0.0,0.0,53022.48349,54522.5588350609,51181.6352200364,1.186073527,4.666280063,1.13353415873374,0.320128016,0.320357346879737,0.304709666610704,-0.1,73.2499122088258,4827.739465,90.3724947266816,7,73500000000
3.512947822,3.72773518488754,3.45486231520764,0.0,0.0,0.0,0.0,0.0,0.0,74996.20368,78388.1359710465,74863.8615085103,2.397059797,3.924903178,2.29190198118991,0.347942462,0.367808842298496,0.346533126473649,-0.1,70.721827106262,4819.06556,150.043457351793,6,73500000000
3.606238653,3.81274019695911,3.42628252237272,4.967707218,5.04566137345769,4.65526120847441,0.0,0.0,0.0,65781.53663,65917.8113088635,59680.5001955461,1.062873248,4.692541485,0.957807741683837,0.029013622,0.0317307585056637,0.0283495927252604,-0.3,74.210458863472,4826.557949,57.6977932019834,7,73500000000
3.305612637,3.44119696251144,3.25825707083171,14.14232226,15.0626214708748,13.3425800732282,0.023739334,0.026051636501577,0.0227866133784231,70317.15017,76577.6725090049,69608.0241807552,3.184846416,6.8362199,2.97236145253299,0.146153798,0.1549111952176,0.133614459736448,0.0,67.4776179011088,4825.174184,93.2109753948769,10,73500000000
5.282067037,5.29634221782422,4.93218019870806,8.053254263,8.35003905295075,7.48520935564912,0.0,0.0,0.0,6321.251231,6749.59375544777,5994.40050891856,0.445703742,1.718678249,0.439133350110112,1.760437895,1.8713462419223,1.72800924702105,-0.1,96.5584241926095,2019.792762,95.746905987488,21,73500000000
3.910700107,3.91756791601446,3.80825915850117,5.016559735,5.32160790426971,4.70271879671743,0.0,0.0,0.0,75000.69682,78300.7945433169,73172.1850489466,2.152502645,6.551936053,1.94913817341801,2.442632719,2.44781227335447,2.2234502851176,0.039,68.2627636691026,4826.094419,84.7915787890323,15,83500000000
3.708567464,3.87987177535538,3.43884853483348,10.16468056,10.7341234796831,9.70699931263402,0.043789194,0.0445796220141977,0.0395730432872387,53297.22859,57066.4332253016,50967.0949409739,1.276150706,3.732848035,1.17950180673497,0.039338831,0.0424123037699367,0.0376817256991064,-0.352,76.2619560301305,4825.093343,88.7809481960876,7,83500000000
4.955845857,5.28370467666982,4.49008813609126,5.922334698,5.98985896752663,5.61722189715054,0.0,0.0,0.0,4235.251086,4478.59476334493,3992.41540817136,0.492509396,0.933672264,0.447648544065238,0.992224435,1.01238400492393,0.944048315368485,0.0,95.4614285186561,4822.250812,56.1321907372822,6,73500000000
18.02302471,19.1269139293763,16.483096605938,0.0,0.0,0.0,0.0,0.0,0.0,24.53213528,26.9062957729294,22.4769131696375,1.044496382,4.238637235,1.02328085526148,23.99078703,24.0805951594392,22.3670527175726,-0.2,82.8707363120741,2962.980914,97.097185816636,12,73500000000
4.0654949,4.45340846884702,3.98327601476038,7.079791747,7.20583333557638,7.038181852988,0.019948701,0.0201350972736225,0.018615343951632,16466.7557,16482.2630646622,15364.6050391553,0.968406505,3.293306195,0.893521180835153,0.637665731,0.645429620994697,0.581365346584059,0.248,80.2344956556229,4824.040642,104.611043594094,11,83500000000
4.607977939,4.99534279290833,4.17115508990902,20.00760262,21.440108062352,19.7902794659343,0.0,0.0,0.0,61406.78562,66097.9467982545,57147.1068242923,1.575770436,4.907789683,1.47234924019333,2.236420454,2.24722900135263,2.17349636949841,-0.6,81.5624772519925,4821.312786,87.3257688466848,14,73500000000
4.35860679,4.51347230399901,4.16477428047815,0.0,0.0,0.0,0.0,0.0,0.0,73915.47758,77978.5057953631,69968.4114963595,1.483979956,5.268886885,1.40908491160511,0.725660246,0.793073856618808,0.694326067764943,-0.382,85.5021905114999,4819.552967,85.1652170218859,3,83500000000
4.810386318,5.09923655323742,4.65410891838889,213.5334054,226.03732437833,212.271459958746,0.0,0.0,0.0,2489.938742,2556.49983521967,2313.99118751069,0.022878126,0.04022793,0.0218833139150576,0.641680223,0.664059623917918,0.597446895832499,0.0,94.9091696939178,4825.741865,112.614362941398,4,83500000000
4.469785048,4.49152819950621,4.3120360449769,8.963522765,9.06871952834407,8.40434244509001,0.0,0.0,0.0,5435.956715,5792.81105799691,5078.87940927024,0.0,0.158113668,0.0,0.163953087,0.165412085492388,0.15557804521374,-0.1,91.1302303624121,4823.080011,54.7339019171333,20,83500000000
4.444541437,4.71226834169366,4.09535615422989,6.987433763,7.59135078825734,6.83269659801646,0.0,0.0,0.0,5484.851798,6017.9288429289,5003.98731474714,0.0,0.0,0.0,0.178258659,0.182135333154805,0.16942431958857,0.2,90.5264121413876,4824.164869,97.0610076411503,20,83500000000
4.612861883,4.77821060642688,4.53717729448414,31.49419994,32.7216892050726,29.8202766641467,0.037716026,0.0414867063493454,0.0352557333154917,4366.87772,4633.75828307175,4349.42389536498,0.0,0.109861135,0.0,0.241992975,0.264925074419478,0.241002698001464,0.1,93.5437789205757,4827.714171,110.586877779498,21,83500000000
4.763404779,4.91655542860833,4.31919550526659,20.30355494,21.6929773579352,18.770334340858,0.0,0.0,0.0,17456.33171,18898.8635979008,16039.6013328079,0.355683435,3.441171063,0.330645956455899,2.076732004,2.2785076826154,1.93015152352044,-0.2,85.2295624545731,4820.299879,96.0674263808971,21,73500000000
5.361350654,5.60816307628123,4.96753141708152,87.93947122,92.8938250725098,86.2011401214907,0.311093729,0.335563448731516,0.308488401184218,2216.583226,2413.85765248024,2170.004061587,0.050364075,0.063371653,0.0474426491113641,1.451400672,1.58502902420722,1.44194045006053,0.0,100.0,4822.165336,87.3258341844891,9,73500000000
4.260799277,4.42064635452885,4.036099704267,0.0,0.0,0.0,0.0,0.0,0.0,72436.98344,73865.7663935356,68133.7413640831,1.510546261,3.291882433,1.36777488372963,3.841226435,4.09186287046118,3.48543159659468,0.3,67.710680268757,2016.964705,37.678929658618,8,83500000000
4.701931106,5.04485994838395,4.62135272177016,18.01218628,18.869687875166,17.7552309463495,0.048427012,0.0509866305237558,0.0445308260771052,4303.315811,4303.64462570412,4201.52801613954,0.037008471,0.130284839,0.0368264443444486,0.218352791,0.224450749757975,0.203556046507857,0.108,95.5051491476348,4822.59558,56.9713601893041,21,73500000000
4.695478595,5.13517246095336,4.66262016467145,7.899692489,8.62425278092306,7.52508819344046,0.0,0.0,0.0,43347.74585,44510.1378715494,40440.8126592345,0.534399762,1.045962502,0.527663100455932,1.910999249,1.96699559023657,1.88606091864255,0.2,84.9629658243604,4827.62518,87.3785970764294,3,83500000000
5.17895355,5.23926946092615,4.87107341384575,13.18258124,14.0620948087424,12.3172502934371,0.019934776,0.0205539218671113,0.0194480782747237,7038.185795,7066.66557490614,6708.0717442133,2.214831122,2.955788667,2.02240956135023,1.803291488,1.81728031578646,1.79443665273661,-0.49,94.3984744516238,2012.824618,98.1015992570202,21,73500000000
4.841028141,5.27813596769778,4.51224539934698,0.0,0.0,0.0,0.0,0.0,0.0,74997.42983,75090.7942237134,71773.9011035987,1.504142737,7.292201041,1.35596076655854,1.209341276,1.2275161782315,1.1688807806949,-0.3,91.8777821189232,4823.425409,90.4800764177604,7,73500000000
4.800236056,5.27640213975129,4.57659273592498,23.15367319,23.1658234979723,20.9204695313819,0.03321083,0.033754434855746,0.0313987318687862,7009.970276,7038.51030626284,6582.284758743,0.0,1.752275861,0.0,0.603628134,0.613493206158287,0.56780299541399,0.1,94.9562520382991,4822.319815,78.8192883691171,3,83500000000
4.55079329,4.72170375634807,4.1752132081236,14.78840016,15.4966360451512,14.3964105954071,0.022293467,0.0236479595908735,0.0208752268541344,4987.738393,5229.58637223881,4495.76347823432,0.044851511,0.134905746,0.0425458486414442,0.046026685,0.0479551749564454,0.0454673156025595,-0.008,93.5381553607665,4820.075772,61.0278313031409,20,73500000000
4.774099594,4.9076353115557,4.32080442449402,7.892951083,8.00516036686286,7.1877340191718,0.0,0.0,0.0,41297.25643,42495.8691413002,40895.9732738227,1.164008653,4.204070404,1.05448831979011,0.883409891,0.955616940007335,0.842548168850764,-0.112,92.6471916344766,4819.042814,100.861786513478,23,83500000000
5.170637324,5.35736760983023,4.9998513235224,0.0,0.0,0.0,0.0,0.0,0.0,5933.974676,6287.61097128327,5770.92920663328,1.638436974,2.039271947,1.59482473203744,1.826254689,1.94685826161424,1.73404402031683,0.0,94.1001424729402,2012.613729,93.4637855244422,22,73500000000
16.24561441,17.5980172077062,15.4301290518302,29.63825828,31.5425944105145,27.7990233750744,2.854776395,2.89829963036507,2.57999387371084,21.33376156,21.5993263862957,19.929272417896,0.199383115,1.924497128,0.185933052541448,25.57424363,26.4064403923236,23.7658465989953,0.34,68.3137447295392,2955.014328,44.2803973820178,17,83500000000
3.349561879,3.57943331595865,3.24288003931641,7.129041955,7.77598058339157,6.69705287195469,0.0,0.0,0.0,44999.34136,45652.0120148096,41331.9215363129,0.516428617,1.391477281,0.481767968870637,3.665041473,4.01153301674452,3.43545562647305,-0.25,53.859587040748,2020.453427,97.3126782129634,10,73500000000
4.735362614,4.95416325569781,4.28167464054,6.940443187,7.2330459139113,6.54551491336444,0.000989626,0.0010546594136052,0.000950177257877,33969.26301,36032.1702435942,30816.9247870262,0.726894985,1.352519738,0.65777992883353,1.790221469,1.91348563507952,1.66342079730412,-0.1,86.3895973826906,4821.853215,112.597133397522,5,73500000000
4.845084656,5.257068121126,4.41268462748178,151.4460954,155.088951232772,143.709236925329,0.0,0.0,0.0,1549.164151,1684.55938285358,1412.22710663754,0.056077154,0.084946344,0.0512724396157813,0.505519079,0.537943113624803,0.456867892269278,-0.1,96.4905031214987,4824.894206,97.1846300948098,4,73500000000
4.7087795,5.03869336329242,4.62928785965767,24.74227021,25.9206031852338,23.1862592149348,0.064926525,0.0714149513408339,0.0599486210662023,3806.227329,4054.1044069676,3618.16618847589,0.0,0.391165757,0.0,0.114884078,0.117943936202423,0.112432076014858,0.058,96.3276273172476,4825.227942,86.738939181334,22,83500000000
4.420596839,4.65945533210564,4.27970834512906,11.01164082,11.0545601742253,10.9070915877867,0.006021829,0.0061663102101698,0.0054382261306995,71980.93995,74181.0755859886,66447.55342958,0.930701834,5.416541785,0.843219855662647,0.760351968,0.833192081282713,0.756692680939312,-0.383,86.5124852139222,4821.809762,102.240344381457,3,73500000000
4.091662604,4.39462520041093,3.71655050111126,0.0,0.0,0.0,0.0,0.0,0.0,29284.67814,30377.802638164,29251.4603230911,0.0,1.435882985,0.0,-1.12371913,-1.01511546763525,-1.15906522464399,-0.08,91.1941199382244,4819.054686,87.7725685417215,6,83500000000
4.716211513,5.11846309315516,4.57264565782866,9.929288684,10.3699346898799,9.83026307896848,0.031042018,0.031328732740905,0.0296268955269938,3958.631787,4175.53698802831,3580.81394672595,0.0,0.311871013,0.0,0.071082138,0.071424743587516,0.0647062696176862,0.142,96.7710700188915,4827.832452,120.273803445072,22,73500000000
4.842126374,5.07788975254708,4.56043111148791,6.104851532,6.50176195771016,6.04891483198822,0.003030002,0.0033034543434905,0.0027675304732553,2265.62079,2481.54195194086,2214.84603071361,0.101699673,0.198838383,0.1001277866204,0.380196885,0.386968505726257,0.363112277197125,0.1,97.2647850613007,4820.540096,51.4446859868399,7,83500000000
4.828995917,5.16605924347081,4.5957180284779,5.006533589,5.48544921461433,4.82593975658296,0.0,0.0,0.0,5387.83237,5526.34979930039,5191.18483623542,0.457157208,1.14452218,0.437111295213161,0.073777439,0.0790389886928169,0.0680850571167773,0.1,99.0668829877762,4823.461165,94.1601929066678,7,73500000000
17.58157013,19.1585794642726,16.2692577800482,0.0,0.0,0.0,0.0,0.0,0.0,29.92349317,29.961842508955,29.5295823015037,0.785137428,2.112297854,0.781756457897797,24.41029822,25.9156644027101,23.502470561719,0.37,78.9414696130578,2957.92737,70.5689548677078,12,83500000000
17.17170638,17.3681358514175,16.0005148459917,11.07262192,11.4245302208569,10.5038062427315,0.0,0.0,0.0,1654.595058,1732.88653634633,1650.58479750841,0.0,0.0,0.0,24.39294849,26.6582628299618,24.0123001578629,-0.93,77.1769111722861,2962.590627,99.4255793699123,18,73500000000
4.520955709,4.86728892104058,4.16830623865292,8.051302037,8.78911279398345,7.8036905398577,0.0,0.0,0.0,4685.488269,4808.24051501662,4644.06966453011,0.137608081,0.24311362,0.136931922882855,0.023366124,0.0244410500449792,0.02210386684768,0.035,93.070033757544,4824.785406,85.5997673873325,20,73500000000
4.192494022,4.47710423587496,3.9365126221861,13.04387685,13.8638700281315,12.834802797599,0.0,0.0,0.0,33602.78238,35685.2100252924,32498.2185606411,0.823052726,2.435381178,0.773037639837669,2.233781124,2.32130006217666,2.07401124031197,1.1,74.2215431342051,4826.216971,97.6990693908999,7,83500000000
4.817568704,5.15792632751186,4.63246109725147,36.08588867,39.1326618146032,35.4149732985967,0.079726998,0.0829891689235083,0.0770332716529253,15247.86702,16739.3791336824,14761.7627640215,0.378599269,2.583433747,0.357793643418163,2.196588386,2.41362340370013,2.15178221894269,-0.2,85.5023178489046,4824.923214,35.6666768587102,21,83500000000
4.247961689,4.63405657669883,3.97786469677688,14.09802806,14.8594376214782,13.4122521578156,0.046637776,0.0471192331152122,0.0461936212429403,12649.70213,13132.9840711963,11931.7650409287,0.0,1.158427523,0.0,0.878140815,0.922660581835708,0.871815002444483,0.3,82.4665615803264,4819.289696,90.6071526814473,12,83500000000
3.526997712,3.69188105882039,3.3254857187494,5.889592746,6.4533412605283,5.75221286961982,0.0,0.0,0.0,75003.36465,78768.42453533,69196.0951014885,0.243303395,3.900710775,0.240145517318369,0.414437234,0.416702079973664,0.381670722877794,-0.1,70.681127339711,4818.315712,90.7965258808262,6,73500000000
4.542282916,4.62603508502386,4.51319616962021,0.0,0.0,0.0,0.0,0.0,0.0,29491.77504,32205.912957024,27896.1089863133,0.0,1.475393635,0.0,-0.023539764,-0.0230490424954839,-0.0237890490180388,0.4,93.8118018543768,4827.918922,51.9693304995717,5,83500000000
4.461990206,4.76041375980383,4.24005924482328,108.5278989,109.578816800757,103.816920698402,0.0,0.0,0.0,9569.560007,10465.7234109894,9350.58618537901,1.733475377,3.94138556,1.68310714443205,0.994602018,1.06196846793685,0.918965400944167,-0.3,85.9346268801117,4821.836541,92.9176902982206,3,83500000000
4.857915546,5.23122861857298,4.37692502080175,227.800462,236.788982631466,208.674653799198,0.628097602,0.654446798336412,0.6214586069981,2187.588521,2223.21872300526,2052.37780062202,0.195994224,0.336721433,0.191233814960919,0.79216876,0.798420897370396,0.784402660686533,0.0,94.8641084036811,4824.325911,94.4632278933955,4,83500000000
4.732330271,5.05161630932684,4.59618847135256,11.00532918,11.3175500045729,10.7890296859328,0.020245359,0.0202538866145479,0.0200901226542892,4300.954561,4628.34738837143,3876.12119819261,0.232391956,0.885073057,0.226111204197636,0.079281433,0.0862531688765322,0.0736465889036455,-0.1,97.0469977250991,4822.413409,62.0619387410785,22,83500000000
4.193663797,4.57564307038966,3.95532647967873,7.933269595,8.07911518484178,7.72259884692702,0.016012977,0.01669071399257,0.0153207665887339,39200.5029,42696.5898617362,38606.3384797636,0.203435949,0.265247221,0.188742052918641,0.609915937,0.64255974531352,0.569870314730572,0.4,82.9215434264941,4824.118527,88.8617030134843,8,73500000000
4.880745855,5.0327060472665,4.51719452137273,208.0232294,225.992779976133,196.130509868155,0.538685255,0.575396777934862,0.511617852919439,2726.015487,2746.69347214319,2669.7967773043,0.44447845,0.74763283,0.440339509785343,0.629023081,0.66555808615508,0.622410249698144,0.0,96.3809395418947,4820.885303,83.7180123601088,4,83500000000
4.239294566,4.31588681321188,3.84659402120935,8.099517074,8.65551537536378,7.34894853138418,0.006924479,0.0073510097495953,0.0063909927093873,49216.38651,53513.6467267748,48780.088499839,0.252225901,0.370573958,0.243926624038191,0.632388678,0.680609814287122,0.624356678948331,0.4,83.6947803846619,4827.803934,84.2436918146636,8,83500000000
3.348602719,3.47112559133934,3.22149512977666,6.971815957,7.00272003513979,6.74972677042345,0.0,0.0,0.0,53719.47443,54659.8998962206,49574.0661748535,1.658233258,3.598661276,1.510721985257,-0.059637791,-0.054438116356531,-0.0626349679809236,-0.3,69.3310136257879,4822.397867,98.3796921016794,14,73500000000
4.65607138,4.72923533512106,4.49482088208024,16.9094751,18.0407772367494,16.3406939923846,0.038774593,0.0417593167124259,0.0354068435721813,7038.052142,7706.28625050223,6346.13683583347,0.161285914,1.382751217,0.153928586437296,0.761173286,0.81149328542487,0.743563294300197,0.1,91.115673138576,4824.172061,58.4419726054355,3,73500000000
3.538509781,3.87203605005666,3.23843693633208,12.22762229,12.8245576574483,11.5007598167503,0.0,0.0,0.0,69631.69736,70243.3261516152,64204.1099675881,1.988099062,4.658224371,1.83378695044543,0.026384566,0.0278827728125404,0.0253166491173901,-0.3,72.8298994646277,4818.440509,86.550913008136,14,83500000000
3.47103087,3.59753538836513,3.29935348276995,8.135548483,8.42094586188444,7.51127748824052,0.0,0.0,0.0,73141.45342,74867.8266776806,67481.6464867155,1.787807124,3.610485965,1.62401028202659,0.052655619,0.052813508965129,0.0480873362445561,-0.1,71.3118786108612,4826.053531,112.998525583428,11,83500000000
4.151774448,4.3699943907865,3.82546833749702,32.47922116,35.216322153199,29.7174045820641,0.0,0.0,0.0,16680.70037,17087.6377274509,15599.1778455006,0.91336302,2.953497613,0.852197775947752,1.164956529,1.254587154952,1.13352926854593,-0.2,79.0353977613019,4821.501857,96.9890728936442,13,83500000000
4.862819783,5.33531107063068,4.70962355565354,214.1805558,226.047758580449,211.816396844799,0.0,0.0,0.0,2311.973396,2489.46234702641,2299.72668986348,0.104700157,0.154576035,0.103856442178441,0.71335051,0.737327203487756,0.711939878459562,0.0,95.4737250293582,4823.911255,91.9036161967066,4,83500000000
4.605982059,4.98740664410772,4.28909449791473,0.0,0.0,0.0,0.0,0.0,0.0,5518.402677,5795.0887727627,5157.68754972455,0.0,0.0,0.0,0.122828384,0.123989189937518,0.112910682675991,-0.1,94.1731838384485,4823.59757,84.5229361827474,20,73500000000
4.879139879,5.03461765953014,4.75080905046293,6.018282174,6.31937230262177,5.48898643886558,0.0,0.0,0.0,2834.828191,3005.81129200655,2685.92506451655,0.035631367,0.14113787,0.0327346269972081,0.226279825,0.231832228227661,0.212589732727273,0.102,99.0505794372157,4824.909219,40.6367774348771,7,83500000000
3.518567584,3.62142207354486,3.32468334799818,0.0,0.0,0.0,0.0,0.0,0.0,74999.17252,79892.7928813205,70370.478801464,1.186958434,4.022319332,1.09454455810177,-0.058126969,-0.0535772680514741,-0.0606664843188988,-0.3,72.8424571193264,4827.773966,72.1852210322288,14,73500000000
5.308426441,5.79415416121806,4.81672825278125,6.048088307,6.25217788656398,5.87887591352956,0.0,0.0,0.0,5783.613978,5994.08465896523,5254.33325623623,0.847909001,1.808244929,0.824364461217232,1.837160441,1.93326618742614,1.7770116892943,-0.1,96.5362994051523,2018.020085,91.4282221078771,21,73500000000
3.61813083,3.90284417707686,3.49802879068316,5.051056402,5.33267608279051,4.61887697449262,0.023677387,0.0244770792823224,0.0231241270092136,41646.47873,43485.5002019217,37913.746833419,0.753729579,2.70529796,0.687348287297627,-0.000667204,-0.0006418381385206,-0.0006934771318878,-0.3,74.6075920373701,4818.41669,93.6088789148087,7,73500000000
4.375329499,4.66652149710862,4.26441323047023,10.78127784,10.9442463818465,10.6251701154122,0.0,0.0,0.0,71977.05387,78165.1081208933,66120.7637732411,0.922728834,5.53600878,0.89099419613658,0.790037838,0.832219171731853,0.783858217056277,-0.383,85.4527567165144,4827.503399,84.9490226365489,3,73500000000
3.547956076,3.61471930604302,3.29168738944397,0.0,0.0,0.0,0.0,0.0,0.0,74995.9825,79216.7755199036,68598.5260736666,0.932559836,4.49010402,0.870533145383041,0.148153885,0.151724583711339,0.144013286345277,-0.047,72.4146170289313,4822.217604,92.3823607843715,11,73500000000
4.147435617,4.23245521657058,3.80999259287167,32.35980959,35.0375568188423,31.9962250933797,0.0,0.0,0.0,16681.54406,17661.9700914769,15914.3687986806,0.888829251,2.986132851,0.811701011580935,1.255636173,1.28068948291547,1.2426257948274,-0.2,78.4659945495708,4826.683325,108.067277696298,13,73500000000
4.518923314,4.73057001844171,4.33249158886996,0.0,0.0,0.0,0.0,0.0,0.0,5479.317325,5509.65369460655,5161.86166349248,0.0,0.0,0.0,0.142598627,0.150782692250912,0.138109081436847,0.1,92.2675553687148,4821.940183,84.9084206063366,21,83500000000
4.033730118,4.25856574902562,4.02037323079156,0.0,0.0,0.0,0.0,0.0,0.0,19121.16331,19411.427551609,18701.7993704052,0.0,3.123032314,0.0,0.352458269,0.381472451804161,0.332012195273031,0.2,81.1809020635684,4821.789421,89.009122264468,10,73500000000
4.862067327,5.30766176195507,4.63201022853443,51.58976101,53.3562955091432,48.4837058990567,0.124227167,0.128271559401551,0.117793187836264,5357.676454,5829.1708241946,4835.35764578897,0.356542296,1.495812479,0.346696521024394,0.701502712,0.763058486794529,0.649153436327479,0.078,95.5364499916716,4824.154163,94.3356744393782,3,73500000000
3.331125537,3.34533271563919,3.07169218873198,4.940798994,5.41141351866934,4.83746827021119,0.0,0.0,0.0,75001.8181,78715.5578719794,72872.9399091642,2.1133833,6.723087776,2.08729959021691,0.207614043,0.221776370137703,0.191364541951771,-0.03,67.7114803563685,4823.677416,101.549040048311,10,73500000000
5.263574249,5.76453644946833,5.11787066886731,7.0996985,7.63391229902777,6.42962589790456,0.0,0.0,0.0,5511.769348,5652.3125332355,5456.90186796485,1.615862124,2.119043826,1.50590039983138,1.873351669,2.03453052509176,1.81247524642014,-0.1,95.4859241480563,2015.070355,41.773596113403,21,73500000000
3.682117238,3.8436331652718,3.60319947991514,12.19959235,13.3742977106677,11.3238075366357,0.0,0.0,0.0,53711.38551,58238.6663023038,52655.1722846982,1.298064044,3.642118077,1.25892368191622,1.24200044,1.32250442897019,1.23443243799176,-0.045,69.7273599524353,4822.483619,97.8133788351013,2,83500000000
4.873101029,5.24159598742019,4.64558345420468,103.9541461,114.099137295492,94.882984816883,0.0,0.0,0.0,2053.740333,2143.26996972429,2052.12821642341,0.129184071,0.258566912,0.12410598607811,0.513393876,0.558971867986945,0.497350547679399,-0.1,96.9960328833622,4825.167782,93.5614884401972,4,83500000000
3.836712793,4.00580676378265,3.62886531483707,6.947571827,7.42248406144481,6.33366266664197,0.0,0.0,0.0,73826.74737,76266.8500705276,73495.1336651834,1.386385112,6.633179761,1.26368420968838,2.516310151,2.76342148976862,2.36488392828375,0.1,66.6391332344682,4819.539837,38.4344559682018,15,73500000000
4.046764842,4.40386514940913,3.94292203417816,5.041556836,5.49160687294143,4.82611265711768,0.005969496,0.0063572003961739,0.0058218534543733,74998.11358,76340.3893296478,74300.1982811094,1.243831118,3.178715412,1.2250353924555,3.831057424,4.1599360247806,3.77944619368129,0.4,64.3529916525087,2019.738243,91.9799521448549,9,73500000000
4.69556391,5.01290281556045,4.35527177699638,25.32645441,26.482022732404,22.9348832719279,0.0,0.0,0.0,7284.320904,8009.28165126755,6719.70138783167,0.580443077,1.771088653,0.534600616535359,0.792740435,0.804346687317607,0.77249788522573,0.0,91.6901601601648,4823.753262,100.307631608748,3,73500000000
3.920164159,4.14206437534885,3.73243740786863,6.016722517,6.52824868713743,5.57167900900245,0.0,0.0,0.0,74338.83193,76669.4572457258,71556.9220741251,2.310411299,6.370764491,2.24053367956184,0.534815926,0.542559340084506,0.521495162270127,0.2,77.9138346105673,4824.069462,98.4417533586865,5,73500000000
4.420955682,4.60695404499675,4.19369509405451,8.07738431,8.20720668753865,7.78902164356857,0.010113595,0.0102970432474673,0.009611477660833,4883.440325,5364.40350327393,4769.53196837244,0.0,0.160118258,0.0,0.133625598,0.133991153761219,0.131699730900076,0.0,90.3230120999221,4822.210129,117.748927260215,20,73500000000
3.714321403,3.73791228311096,3.43042006662444,0.0,0.0,0.0,0.0,0.0,0.0,74996.24366,79388.6829464978,67594.7772781443,0.789780695,5.587221743,0.752610195866728,0.439878127,0.459885352620114,0.420717887606353,0.12,74.3051960956465,4820.248379,96.2232743177508,5,83500000000
4.603461626,4.90564192847765,4.38709718240384,4.947421822,5.43385688239378,4.71626845102616,0.0,0.0,0.0,50161.4845,51053.5886383904,46722.2202672663,0.673670922,1.549140364,0.608227540765739,2.045753883,2.047260486341,1.99673137756017,0.2,82.5407437906456,4822.643408,102.383068996916,3,73500000000
5.291264926,5.62928169713798,4.8444094123458,107.7747458,109.86209043119,97.5732512759243,0.36700467,0.387988663624066,0.356107562868073,1544.774539,1660.88879308025,1401.87881217619,0.023963254,0.040878217,0.0217574047507205,1.461081992,1.53311699863026,1.33092037232195,-0.2,98.715037025409,4825.077036,89.9641526738018,9,83500000000
4.982708746,5.06190854665455,4.63241704721984,0.0,0.0,0.0,0.0,0.0,0.0,2873.25566,3109.86550506552,2854.33849844749,0.004938806,0.019852648,0.0048466507450235,0.459919884,0.464916637792024,0.444233149864217,0.24,99.5423120507726,4824.370204,78.4006607475192,7,73500000000
4.892280911,5.0083670681316,4.77715749855456,5.942287854,6.24924589459293,5.40030395425015,0.0,0.0,0.0,23261.17371,24511.2939637006,23108.4044181772,0.570021055,1.330496489,0.538042200249682,1.865250348,1.91831115793871,1.84664706989746,0.362,88.7991145840393,4820.525728,81.4947681343953,0,73500000000
4.749457394,5.01977810631824,4.6568733485043,17.83142831,18.8864473845435,16.5987316852569,0.053563549,0.0538613368083757,0.0528902718323966,7437.275957,7645.32284069162,7433.50823348413,0.0,2.546798394,0.0,0.769250727,0.807143402469141,0.763878873666244,0.15,92.891781180462,4818.21086,85.569990475659,3,83500000000
4.705342318,4.92735082535473,4.51393917895367,23.15010347,23.8019830696535,22.9333183633833,0.044340715,0.0465682714694871,0.0402270145771729,4026.355048,4335.69579792581,3886.1173410572,0.101866328,0.964283511,0.0985772407445037,0.183672964,0.193758645238612,0.176849262835879,-0.1,95.8027102461808,4827.758362,144.611849492392,22,73500000000
3.981762278,4.19250738668169,3.62399129750019,4.97874737,5.34951075569275,4.60653980523765,0.0,0.0,0.0,59862.68892,64886.146980151,56219.3943164993,0.749455372,1.675032903,0.676813621496597,0.158673846,0.162047250347862,0.146073828187065,0.3,81.209890637996,4824.792068,94.2076174053138,7,83500000000
4.759933206,4.79634265528502,4.43045494859755,0.0,0.0,0.0,0.0,0.0,0.0,22713.23952,23868.6953040213,20656.8378494319,0.993168463,5.749203355,0.982829559473175,0.602158688,0.619286579835181,0.580433806519933,0.3,94.1684839640294,4824.610165,91.4784650136616,1,83500000000
4.894237945,4.98553867630264,4.66667386922959,227.3259139,240.538371699764,218.281603896795,0.692534021,0.74093986922087,0.659111990564034,2483.834542,2677.22090886777,2374.89702569822,0.348381626,1.183134373,0.332381667426358,0.684128297,0.724459445514684,0.616443464368289,-0.1,96.2831109601279,4827.065123,93.6199828761686,3,73500000000
3.374409793,3.61774329244652,3.05723494181438,4.96947423,5.3365609190508,4.69707320438783,0.0,0.0,0.0,74997.32116,76712.3538076364,67932.0124120331,0.288344455,4.594845621,0.284223196663215,-0.098358635,-0.0933439389461326,-0.103688961713643,-0.163,70.052115880853,4827.854847,91.4695270490765,11,83500000000
16.67461607,18.0784832715206,16.2637829287891,21.05495477,23.0940429125405,20.3260706145124,2.004190616,2.08962302012741,1.86723352059958,4930.110533,5217.47485367979,4661.41470447149,0.169727561,3.575577498,0.154223364397187,24.09651091,24.4268678450498,21.6972381403545,-1.2,76.212093817107,2963.640077,225.734894341956,17,83500000000
3.239094743,3.44189404618006,3.14358925634464,5.070697111,5.49699082268584,4.60881495995267,0.0,0.0,0.0,75003.57103,77441.7138246068,73874.9600071413,2.436967093,4.70162714,2.35491993825342,0.184617076,0.187577453193207,0.167213695621467,-0.162,65.9450213829657,4825.418481,100.168628766759,10,83500000000
3.330538517,3.52849264203959,3.11816125861525,4.937225369,5.06269470383882,4.52631447997118,0.003998534,0.004204197983366,0.0036476353570874,75000.46957,77144.9283204229,72151.8479719207,2.115525096,6.882123302,2.06143111943144,0.266781753,0.272476540581266,0.265004533516332,-0.03,67.424649722085,4818.061762,91.5503730820068,10,73500000000
17.01544629,17.7638150291134,15.989368782539,14.00372289,14.0610539183643,12.7786300073749,0.517702233,0.543005989980234,0.466075736638347,31.07294947,33.8746947323686,30.6707528129163,1.165803548,2.828667229,1.05460314953881,24.41166605,24.9023729511068,23.9837045411414,-0.87,76.3936535475489,2961.421518,88.0956719135105,18,83500000000
4.826195384,5.10003332287257,4.67202022676588,231.1825349,249.372231779708,217.367649416496,0.5378096,0.583809604656732,0.488517463524219,2158.269073,2257.53528494686,2094.44550905267,0.341972686,0.660430472,0.321691540689169,0.712664552,0.771184657866895,0.65411822851582,-0.052,94.759115198269,4825.325595,13.0982811215106,4,73500000000
4.804182363,5.26944052893194,4.42789893506571,35.2191593,37.716640357105,34.4944246445936,0.0,0.0,0.0,7109.908984,7491.89375177645,6702.86448793496,0.505374458,1.767265091,0.494730276467662,0.668268755,0.669830464755999,0.610996838865765,0.1,94.6142213396662,4823.35868,88.4425092197596,3,73500000000
3.392138508,3.53345133381264,3.28271924032484,0.0,0.0,0.0,0.0,0.0,0.0,74997.94644,81110.2734711571,70075.1794491865,2.43309025,3.914076315,2.31462362908942,0.396450403,0.415827535984822,0.361433351532396,-0.1,68.0625614307464,4825.103853,94.4644603118785,6,73500000000
4.028215907,4.03413020472455,3.75720292315825,0.0,0.0,0.0,0.0,0.0,0.0,74601.6638,78431.2238646579,71906.9404752231,0.684424329,1.635826655,0.636513575341514,0.30152809,0.320619700044391,0.282877743926218,0.442,81.3541430701602,4826.682263,88.4259057518237,7,83500000000
4.682945201,4.71340949435275,4.47804061366739,15.77203889,15.81924335677,15.5711268542136,0.034347127,0.0375375289204947,0.0341703430864894,4046.865815,4131.48076144451,3706.42429045346,0.0,0.68038345,0.0,0.121446145,0.130548829925356,0.114679096025694,0.0,95.7558704666784,4826.446104,127.108102683479,22,73500000000
5.261234572,5.45555192217078,5.11728420155521,91.2140535,93.6703458980202,82.3458928188055,0.0,0.0,0.0,2050.50735,2112.00055865777,1955.10918082495,0.081566432,0.133762128,0.0804973566260117,1.277350718,1.34871565966028,1.18871676624118,-0.1,99.3908910811624,4819.005177,37.5563085642004,9,73500000000
4.588528328,5.0020453028529,4.19549058187053,13.80946011,14.779849485369,13.0824808702761,0.0,0.0,0.0,4197.804427,4258.84447601524,3818.98696508709,0.006374174,0.009926659,0.0061053945829153,0.120868257,0.125837348782963,0.114716166458556,0.1,93.8289866211297,4823.360797,91.4236184390325,21,83500000000
4.920069704,4.93253971114145,4.4918723217116,125.8669815,132.349861812492,114.6309698529,0.0,0.0,0.0,2107.363136,2235.23751220927,2078.63814199199,0.107489191,0.153779431,0.100728711883448,0.692111476,0.7107917358958,0.64983302692308,-0.1,96.7383719736159,4818.209879,71.7033221881264,4,83500000000
4.883009734,5.1884708642622,4.54938925304043,21.19802683,21.9067988018013,19.6309437662761,0.0,0.0,0.0,7035.19682,7111.47401409128,6790.86139365474,0.790997035,1.855634279,0.736565332323098,0.682949766,0.726184488036292,0.656457372022082,0.1,96.069977587229,4824.998437,100.049540284448,3,83500000000
4.975787053,5.05178696446875,4.86837990747051,6.094695775,6.24368754658154,5.70150398161066,0.0,0.0,0.0,19462.0766,19511.6154462729,18135.3451299832,0.0,0.176525179,0.0,1.609317711,1.69488510089778,1.5690989978656,0.1,91.8981182195862,4827.238595,88.6457465564901,0,73500000000
3.952767436,4.15109223065746,3.79372009278477,0.0,0.0,0.0,0.0,0.0,0.0,26845.17185,27171.3481127987,24620.4336361796,0.025490312,0.25797953,0.0246262305872453,2.92398964,2.96870541666438,2.790191464092,-1.1,66.79550886085,4819.321476,87.6580719857546,22,83500000000
4.580575706,4.5976946634211,4.49025921102863,8.135447844,8.46206655172579,7.84259341388914,0.010096473,0.0104685079870355,0.0098963156791745,4963.580389,5312.83356354176,4791.48360585764,0.049941287,0.198849074,0.0496385472854244,0.053659738,0.0540604831588608,0.0492359962981924,0.0,94.1008251292511,4824.009661,91.4529531014082,20,73500000000
4.95763276,5.03845167110489,4.57096780580985,5.096527243,5.42018707634059,4.92756301575455,0.0,0.0,0.0,18554.65836,20127.9416610781,18293.2874346626,0.171829085,0.290004498,0.166291549950135,1.58296066,1.62589978749265,1.43204462472901,0.01,91.7270423661119,4821.761115,95.9924501231466,0,73500000000
3.979930425,4.29148053574174,3.66902538787199,0.0,0.0,0.0,0.0,0.0,0.0,75000.26206,76347.0884348872,71328.3486900259,2.570366382,6.573437482,2.53043653150834,2.402384947,2.61493957283736,2.36556981988271,0.177,69.6602389417301,4820.515094,90.8070974780049,15,83500000000
4.670146741,4.99359841504491,4.33655635423113,16.96318159,18.4566793547672,15.4240299624861,0.0,0.0,0.0,4516.593052,4594.46892511915,4174.17352738359,0.040946002,0.163702271,0.0368969343888058,0.193895318,0.208536731988747,0.190959487291502,0.1,95.0192674245444,4822.37907,101.70743356678,21,73500000000
3.180477381,3.39198940440267,2.98589972234313,0.0,0.0,0.0,0.0,0.0,0.0,48547.03231,50165.04845729,44377.0596802306,1.086922776,1.671095496,1.0461120084676,3.53344806,3.59170650104447,3.52987086006875,-0.238,51.5926806490089,2014.188901,46.2190260722611,10,83500000000
5.019156784,5.05291334730002,4.63499921688899,0.0,0.0,0.0,0.0,0.0,0.0,31796.03661,33128.1934579704,30103.9580264672,1.4685388,4.323185463,1.35459235213668,2.723412992,2.76085881537415,2.45602489310657,-0.3,85.9682852082495,4824.431357,86.8282584436083,17,73500000000
3.295756824,3.33331854785955,3.10214727781874,4.910104496,5.00015553242275,4.74856525363367,0.0,0.0,0.0,74999.27171,76421.1735565333,69461.3622127898,2.269172174,5.0023972,2.07176697281088,0.19182761,0.197839556538398,0.176896680453488,-0.1,67.0653332821704,4825.919304,80.7534948329608,10,73500000000
5.198985093,5.25543751626583,5.00943006056551,10.02124791,10.2579591325916,9.23593074905818,0.020268975,0.0208788460382727,0.0197086852007105,7414.485315,7809.03599156316,7271.82767840584,2.242354167,3.001346848,2.09196636242432,1.884716665,2.0700922022403,1.71653007342445,-0.475,94.2415485159526,2017.11048,91.6496637892055,21,83500000000
4.815234275,5.23476871475941,4.54907739591479,16.00662553,16.9686985002604,15.748587797994,0.010959712,0.0111698400334904,0.0108515211445813,49048.51107,50077.2232875787,47732.8476021775,1.848481573,5.860772,1.81173407340957,1.480599061,1.57353673017975,1.38432268324029,-0.4,89.714857119727,4824.348654,77.9877335093446,1,83500000000
3.614912259,3.67320577839841,3.45153023861463,0.0,0.0,0.0,0.0,0.0,0.0,73068.55465,76944.8681966182,71449.0305391038,1.524124857,2.581482174,1.43085094283585,0.379261827,0.388694368334307,0.362872243545715,-0.1,72.6181472798832,4821.604965,153.064093908301,6,73500000000
4.829828226,5.13056642484142,4.52409375350566,4.956570239,5.29545432212663,4.69934423600058,0.0,0.0,0.0,24601.4161,25012.2874356064,22458.1744275406,0.095627531,3.247549225,0.090816344233192,1.991847666,2.03384727101428,1.94895168132077,0.572,86.91635512536,4822.914842,121.007073140579,0,83500000000
4.645033425,4.96117035226683,4.23905915184655,24.71549515,24.9688353311318,24.5732181365855,0.049568941,0.0500444566041084,0.0481819972504052,4539.320051,4819.10709216933,4471.72620619781,0.0,0.193115459,0.0,0.204265374,0.22114832295106,0.195834302485963,0.2,94.4409154718042,4822.24001,82.0899017960939,21,83500000000
5.320307763,5.32282717003558,4.849955248503,67.13552174,72.3037087773495,61.4944798896546,0.148767116,0.151958433506449,0.1471039276619,2107.92854,2197.85862944174,1964.00397921387,0.056708795,0.078835531,0.0546282860616498,1.454832147,1.56026539365951,1.42742271636076,0.0,99.2990985370892,4826.332281,113.775845465269,8,83500000000
3.465385553,3.77842907068983,3.38003884332111,6.057739001,6.64158488025799,5.60831884858396,0.0,0.0,0.0,75003.46041,80378.3002792589,68682.0556077106,1.258352353,4.429070373,1.24061801503007,0.004775039,0.0051823901254223,0.0043930438083808,-0.3,71.4311198522263,4822.187073,132.875106518713,14,73500000000
4.517966324,4.82048969946593,4.49160076157945,8.117759312,8.78080363199162,7.61225190586975,0.010187744,0.0106746976165236,0.0098668320164032,4960.602665,5240.68304310582,4470.22392663822,0.049946185,0.196283992,0.0459258567641685,0.020190414,0.0220606242558686,0.0189611984218209,0.0,93.0288442243116,4821.51005,128.916115522844,20,83500000000
16.03325727,16.1879161417065,15.2711477756899,29.58902623,30.0237193664619,26.6696366452052,2.443628757,2.47221546178248,2.37807917684135,93.40197504,95.750300939347,92.3026651082636,0.166423206,1.158490268,0.156007989707874,25.53058129,26.8355156029664,24.3220835388986,0.14,67.5860874890202,2957.530704,98.0270795881869,17,73500000000
5.353196128,5.44793049447944,5.03581112431553,88.06788816,91.3081672604572,87.3327504286893,0.312226144,0.317892814984975,0.290141694962976,2214.013507,2431.1288084573,2199.12013948771,0.050043503,0.063427682,0.0460587526096295,1.506868123,1.5970946326817,1.38681958533758,0.0,99.5597572003053,4822.750135,87.9453538525014,9,73500000000
17.64551551,17.8268924330549,17.2629561097084,0.0,0.0,0.0,0.0,0.0,0.0,5853.206739,6354.06846642671,5770.11126708739,1.157058281,2.382195844,1.1295801433107,24.79729175,26.2072229623405,23.6397231653386,1.25,77.5150260877792,2961.507285,95.8870003555312,15,83500000000
4.817013764,5.25445848223053,4.59619238131034,220.4406211,226.708331079228,206.42446470204,0.5881737,0.604981529931147,0.576069119478597,2414.210691,2450.87165742836,2382.91554585835,0.433286092,0.838176076,0.430526176321912,0.677990453,0.731340433257971,0.66017139179426,0.0,94.8037563941422,4825.738254,115.946496740442,4,73500000000
4.821263603,5.00043904108234,4.45145328176545,178.6487202,179.926499016981,174.118144305051,0.0,0.0,0.0,2307.024788,2414.66763097864,2164.97623418325,0.131210398,0.329033175,0.130245732187113,0.53266828,0.558431210653007,0.522839929903499,-0.1,95.8374352125915,4820.164523,88.0091055283368,4,73500000000
4.616320576,5.0507199353375,4.24947930621983,6.058573958,6.2952672984301,5.84461867493809,0.0,0.0,0.0,41759.45709,45807.3507183551,37909.3398100912,0.853443768,3.705034632,0.776776895128446,0.666033154,0.682769072115654,0.645582467570841,-0.373,90.9283731113599,4826.037894,83.7832376918107,23,73500000000
3.486858254,3.68272409164217,3.40576954526909,6.954814244,7.25457904282225,6.93091351124447,0.0,0.0,0.0,53710.8891,56058.9049630033,48783.476162629,1.664768394,3.57418224,1.60243539257209,-0.070662655,-0.0704002772009308,-0.0744420947642243,-0.3,72.2484147270496,4821.510332,88.2044152396848,14,83500000000
3.461369948,3.77842396263306,3.37092914655249,5.065356059,5.46969205499753,4.95874180474241,0.008133554,0.008256312906624,0.0079376432270839,65631.65059,67443.5841578897,64597.1117700733,2.712974627,5.06506466,2.56950448285596,0.081021509,0.0877853140953725,0.0785294438194908,-0.042,70.9746140358062,4822.276887,24.8043606714235,12,73500000000
4.918373706,5.19770336252892,4.78326473141317,42.93015904,47.152496094022,40.8763982809145,0.047618869,0.048964520823599,0.0464941797169009,3771.93285,4067.78876285299,3770.51332641141,0.0,0.0,0.0,0.68544984,0.752833845241978,0.663651838327526,-0.023,96.7491679463629,4819.370487,94.3976535956754,4,83500000000
3.920630903,4.22608161388776,3.91909624053576,7.004140624,7.29499241241247,6.70038587831504,0.0,0.0,0.0,28783.58698,29146.9718603821,27555.1671315891,0.430542042,0.983988156,0.422433239400243,-0.746860229,-0.74405148328815,-0.768374375842299,0.085,85.1247046206517,4823.837165,38.7326547899227,4,73500000000
4.675430757,5.05461925112112,4.43277313243427,6.971109723,7.04621702202092,6.51994806501808,0.0,0.0,0.0,33965.28832,36306.0637224731,31475.5406248594,0.724620796,1.382097366,0.656756445786024,1.890387018,1.97179140785761,1.86331912527921,-0.1,84.718539491215,4825.509551,81.7364222562728,5,73500000000
