AH_Max,RH,Vis_Max,Dist,Vis_Min
21.9685421904307,96.6545970060372,18591.0828509094,2956.994715,17394.1205886761
19.7711783816534,75.9374844228934,24847.7571300631,2964.778846,21548.6315940191
17.7889414692657,94.6747847813637,43119.5132292837,2964.774419,36044.3667789505
16.0735563322088,90.3725172440995,16674.3671713399,2961.900366,15127.2969409609
22.4339869971202,78.8089907721415,20593.2680175165,2964.273439,19545.6626327313
18.6295537273996,96.039698864499,23497.1343266594,2117.770756,20779.4456022059
12.1316320503046,89.1627988527008,18592.2889580215,2017.149484,17151.241750234
8.18837516937385,74.9927359202466,27278.0099159826,2019.300226,25753.4954723119
15.808302252524,89.3093586945263,8861.67977502943,2963.49734,7714.16133790493
22.7090171460628,85.9586290016343,10356.6538411689,2962.101893,9005.36012034144
4.03220476648208,76.0224845087762,41548.0708624045,4826.845047,36632.2851647392
20.3092638157282,94.8551349891895,8577.75387361798,2118.345934,7467.5374388343
9.51685938026729,59.94372975723,38808.6443324189,2014.137296,36083.1474606684
20.457657246602,98.2981817821338,1537.55496538903,2960.674145,1320.18576030147
20.0667412460763,81.3265179722265,5568.20529715506,2959.371329,5209.96737400185
6.32720149933967,100.0,1218.61025700582,4818.79475,1011.64903940322
4.96155687447921,77.3297332669536,56277.8020747247,4825.217458,53238.8486333332
20.1394802959892,91.5678529197027,48357.4302341561,2116.96727,43548.1462153031
9.81366316483404,67.1131301667664,39965.9797699411,2021.376854,37557.6007987576
4.81521284964508,79.6337899193961,39880.1949664201,4821.113333,36469.1536001522
20.8153192895261,95.5406632969975,7760.65478547879,2117.733638,7548.07025346247
21.8376631527844,83.2413349232702,23788.1841398654,2963.706231,21533.0582667559
21.6989881145398,84.8672912400576,25494.3901161505,2959.10581,22295.8292623522
20.603355458874,93.1280023975182,18755.0883953155,2955.617873,16724.2088576014
21.7883659039056,85.175359532928,22496.1482763668,2963.246753,21497.2281053303
6.61153698199982,84.7661250480656,75579.286119323,4821.850453,68090.3121049176
5.85576471188511,83.2941429004639,30460.503732277,4821.842036,29642.505535972
6.53665625830892,89.1183098880653,78863.309783081,4820.509033,71296.6357996898
6.20999479338873,96.8379496258006,19872.0955981659,2015.968232,17304.4294418376
7.42093800944631,70.0356380075449,27709.6236408798,2013.779059,24953.0921657503
19.9403261208657,96.8407066328886,8099.33024832806,2115.717129,7738.23614886615
5.76344697257685,67.010864325806,40605.1386721027,4824.859428,37517.8926826629
16.6112544368536,87.2258425055826,38756.4083391676,2958.776917,35227.0451296144
17.6326058015398,80.3217675159965,35908.1058400259,2959.579061,30982.2560537753
10.8505087217308,97.3408513287225,75392.7666016013,2014.102616,69480.1247801179
6.34870115409028,77.1539770244369,72440.865619509,4824.945788,67711.5500062149
20.934734131172,98.380996560704,1669.60651059166,2956.852165,1488.38951365186
6.98752983665889,92.2778103222305,13281.8246580315,4821.887999,12577.3588768602
5.52016932592482,84.6950515862596,62380.773957409,4824.36347,57544.6209460458
10.4175890666053,61.2889310214045,54441.5425826792,2021.687511,45881.0397559765
18.5553630279084,86.2224736072767,2471.80134265585,2964.651405,2128.90470110102
6.26754959045858,79.3077675796103,36228.9008066376,2020.559061,32566.84840717
18.44007127388,84.3971675065665,12991.8541270639,2958.398572,12471.0035007139
5.11103354200511,82.2429315579529,33356.0106392055,4820.854119,29577.0290275272
4.316595502048,66.7292706606523,30391.6590468722,2016.586374,29568.9269106741
20.7551621938409,83.743332477053,6719.61440627166,2113.59507,6212.31796773294
21.2146792002183,87.6962233364335,5484.82337372924,2116.759314,5179.98507595203
20.7879330928179,91.4484616998999,23342.2087047866,2114.445046,21559.2751954215
20.0074382904503,94.1892906354398,23528.0798788364,2112.341182,20686.6003323418
16.0470271870133,82.8976862615058,14896.4985014651,2962.679907,13418.9663710245
4.9431401112872,77.6216556211319,68430.8622536116,4824.825926,59186.4107082444
6.94368862476679,77.9060656681251,76917.6765511176,4818.060671,72446.7388299777
7.30515554696707,76.9486078464542,79547.3505904685,4825.234985,67893.4867528368
7.30311142879168,87.7359013056593,15079.0841980949,2019.845401,14018.151280712
9.67586823419745,66.3589100072936,60800.2381461526,2014.378061,53359.5050357861
17.275799575314,80.7423696225375,19349.0324186249,2958.986768,17457.2130087135
5.56323987971693,81.4078385585447,22640.619960516,4825.32733,20487.9781847717
13.0589243006725,94.3152207386841,47597.2758880447,2021.749388,43984.8124764589
21.5799140319475,73.9213766586549,18750.0647838455,2956.397381,16356.3872400585
4.61897574017648,72.308832634118,2932.03430429733,4821.176227,2641.0732958739
20.9661538660347,86.0475958701474,46658.235977139,2964.810746,45647.1400589711
5.45183280552072,72.9336395049108,47809.8610157053,4826.246047,41845.9163062215
18.2190543013172,80.434362176963,13225.5502322922,2955.450161,11803.4679844906
6.13800657264568,96.6740972119085,1138.31073867301,4824.71146,1087.23639261354
5.57454418944783,79.8196254857051,22631.2000903634,4824.727799,21085.134817791
6.21229589715739,77.5362567157222,64313.1859497743,4821.469335,55162.0474539517
6.7021733299693,94.0222457092199,13970.0550813806,4825.874263,12367.1257913966
9.30222795637853,59.1622013285181,38372.640014219,2019.144153,34385.8356504009
20.2350006221476,97.7695051149589,55352.792343444,2956.139774,48061.2304478174
17.9804840986123,80.4276394407579,24006.1109246822,2955.13777,21298.4580934237
5.72907421145384,33.4994040168612,26672.5516186723,2020.040266,24669.6739986296
16.4031908085835,89.5575335432178,11835.5423227705,2956.075214,10358.8269504015
15.7433680972674,90.6880679251725,6864.86175324263,2962.952483,5826.09533630261
14.8486296470202,82.1869632856605,16519.5888547564,2957.315984,14709.5073106857
21.3558557346928,82.6510550188484,20132.5577175016,2961.387427,18661.0982038513
22.8376559066378,85.6819195265277,8191.25877017223,2956.230729,7990.34701853827
20.1599279606441,97.9031340302584,8623.87657864384,2117.010739,7684.93064625117
19.836148764872,96.2887376857889,3966.36722813517,2117.966273,3578.42780831067
5.48628067722486,91.1009209951904,15042.0631038949,4819.467348,14105.8737292625
20.3835269638524,96.8612418998197,8443.28522887352,2117.62847,8092.65563500488
9.50119602469532,60.2413841599438,37746.71882739,2017.852087,35419.5456984659
10.7009819800272,80.0370660191647,13437.6311560854,2015.2655,12748.7329493074
13.3426428119576,87.5985447538326,8031.47580749373,2019.010988,8013.00483572018
15.6944021891483,90.4725768593319,10530.8478675814,2963.600021,9408.5828457955
22.1002533237391,88.6860889757145,26798.9611737882,2958.866642,25033.6142182454
21.143309967944,86.4148593481791,28351.9501356092,2956.085051,23706.0591370298
6.64893666483053,88.1468888183564,28049.2644375007,4819.647575,25563.4706660849
5.69557863285925,81.7687612528846,77686.1827256152,4825.527137,69309.3225419792
4.58072130681597,72.3140160577638,2960.88397764979,4822.239247,2548.93235814594
23.1988552545104,84.315901914866,11681.7451603465,2963.237016,10712.5099221544
4.75202237172248,83.2098681609382,10363.10213822,4826.203023,8899.53996349089
5.61477500062148,84.7168554009363,39875.2073736417,4823.774578,36785.4741571758
4.87924545396382,74.6551744102496,35841.5380841798,4826.753153,32625.6972043076
12.6601351901268,90.9734148223602,9827.43723144735,2013.564564,8526.45896384273
7.04900992101938,77.0847912043101,79909.60113135,4820.712897,71045.654455768
20.1994712876395,97.3847727977186,7737.99683650348,2113.698283,7037.82514171088
20.1804111126806,97.2804214894971,7348.9105848817,2113.68493,6307.70569788145
5.36078145335004,73.4615352195736,49581.4068794139,4827.805788,45647.7937459824
11.1035357392632,79.4599342310681,46678.2521397398,2019.011189,41582.4028883647
23.0076265237963,86.3524942159358,15739.2848091808,2963.985466,14602.3348746626
20.1116091186556,72.9741633460943,15465.4350316378,2957.266192,13960.9351534161
17.6960263714342,80.8043314843991,26609.9624171504,2958.639817,23460.6095101995
5.75551328770645,76.7035329123995,22466.7888052504,4826.415192,19945.5363911633
17.4193051364487,76.0348069782019,56238.9316620085,2112.683187,51406.2666250832
6.35566677902039,88.8444397097076,22463.4061253474,4824.539288,20601.8634257301
7.52301235707871,95.8874654274736,18773.009337415,4825.971043,17813.9497171697
22.5834922871235,87.6680909826115,16371.4550022672,2960.508063,14676.0167159476
21.2716407402891,83.7789913219071,5196.43158160636,2113.926622,4916.0657139229
5.28632710886066,81.9016066578329,35105.8764301474,4824.566299,30027.3492893592
19.8646351826496,89.5819279712399,29983.2753225674,2121.280052,26723.7021907068
21.9620378658107,94.2261853507665,6859.56722383821,2121.778437,6225.47928373285
22.348083383915,87.3430656619954,7247.58385429822,2957.565935,6395.5681687053
19.5764557200649,95.1028418120861,9632.12087501052,2955.705062,8004.3347399158
18.5431509315882,95.6160150392151,15851.6184104724,2117.599105,13342.7852841308
6.89336695352617,91.9740274224694,48096.6778919286,4823.224194,44910.0649898956
15.7016308423823,83.8297905277534,9051.24201198893,2959.188034,7732.88713198482
10.0292763818567,60.0803547591949,47549.5993826237,2018.197261,44050.6299853185
19.3043385246438,84.7282359134875,4208.08352189511,2958.443093,3748.98493341877
11.6703474892428,82.1523106654601,22437.9073346854,2015.083649,19185.4174339171
5.23315675752603,90.0895765245705,13114.8319610594,4823.874075,11982.6092066672
21.3781129907321,75.5879160491334,25006.0933589376,2956.208624,23333.8968901774
18.3560279906356,73.7579674558718,64372.8923345219,2121.040407,57566.3445026193
4.16402144204768,62.5817391238424,33036.6974498096,2015.119769,29908.1666765553
5.84535523977948,88.323204410075,80709.6589314411,4820.293467,72422.6621880783
20.7737160141286,85.1157073639257,27081.9878806914,2956.195241,22906.5193198926
5.10747777020158,80.0806618446983,16088.7638103509,4818.957671,15437.7821213005
20.3569316681661,89.1241939675536,15665.9828164846,2117.335351,13407.8160830748
5.79201253000518,96.8444814907888,26209.4749883857,2018.11499,23776.6656450325
6.01672663328926,79.5592719936968,19805.8730963848,4820.640406,19046.8471893598
20.5741820345369,85.6468997857101,42811.8612389781,2963.831049,39740.6192822163
10.8359586125667,79.0827870579353,45328.291244457,2021.612461,39075.0566218877
22.0685639252381,87.3642149092172,18929.4439115913,2963.276062,15959.4791268177
8.20690907034037,46.1718593835736,40908.2776440184,2014.558292,39993.4661626478
17.4336119160113,80.034825528862,25416.809275786,2957.307648,21140.2085264537
12.8659386101927,83.0743555197193,15320.2542196139,2019.70059,12794.193812383
19.9411706475137,96.5734491793265,8658.30036133915,2117.992602,8274.97317525703
18.8840232487684,87.7021076630669,45061.9283485803,2115.680922,39362.7490636561
18.8299083928286,82.768531307903,3191.63332206824,2962.597267,2801.01556348088
21.068756229753,84.8061595102392,25603.2522276844,2959.909865,23465.1821646562
5.49948343245383,74.0035812459101,29504.8902810582,4822.545958,26737.9639669225
10.1610429643903,66.8802954220386,50962.1639209379,2014.002099,42366.5439229012
6.43917811546483,81.1037821251006,70204.1378193201,4827.140786,57951.7682933092
20.7034170338753,82.3444335045616,6140.69827896237,2119.91111,6031.00076521867
7.32031938738011,68.489520209993,21611.9795359987,2019.998369,18723.5277826812
15.0474665127474,83.3379771935109,63580.5654022762,2961.831458,60925.2807447008
18.9830603420856,95.1279710228708,11313.0907310535,2118.384067,10206.6944358474
21.4695292556066,83.8982680018299,25635.4857628602,2955.823978,23539.9720749793
4.94814485882887,93.424392854862,5303.828507139,4819.130873,4637.54483309686
16.2889211556412,88.2859229627057,8404.62525913445,2958.615887,7771.66233634844
5.35601423284265,72.081160800167,60176.0270218825,4824.02957,52870.2052204009
5.24770707630918,80.4052325047721,33772.1653852114,4826.393699,29716.6428453933
7.03576682928139,89.2600017023346,15623.6730959568,2014.491436,13652.4241070663
20.6764762067623,76.6694062282559,7414.89863519844,2962.781999,7158.54402355682
21.473768950256,83.9922960774904,31100.5992503402,2964.657821,27565.4912917589
22.0062795569018,96.8112174109122,15805.0510499556,2961.885414,15288.9065408994
4.3106941074664,67.0524942123992,32646.0165360096,4818.058802,29840.0872342729
6.40345451646797,73.3538928847527,65062.2202511002,4822.006898,59989.7059715006
19.606011550722,85.0286589546453,25136.5308254026,2964.958354,22748.1360114798
22.4924631236201,84.3287649063113,19767.5601103626,2959.35925,17730.1696138798
21.050869512111,86.7381027800209,17037.8189241814,2960.785939,14632.9753718169
7.39111132667693,89.526503383318,14242.6391645386,2019.612142,13874.6239074482
6.12049440019072,83.477228242386,82443.8263817863,4825.706112,70988.7694267756
21.7994785469522,83.7079843536735,12945.5140610985,2118.768959,11829.9081765515
17.9700215365323,77.0459286465207,28452.5835474114,2117.504373,24055.9947337726
17.8804032686548,88.3350431978098,8814.5984158003,2960.116992,8676.88445164035
5.4218769895924,67.9884475873461,76492.138600367,4823.747903,69434.8898966931
8.82882548257078,45.7255385193574,44369.8231742331,2012.172466,40064.3300609331
5.96307723756907,75.8690663803915,63778.8365149127,4825.715275,57292.9779014088
19.9379460897179,96.6491398147808,13690.9451528387,2118.666228,12550.9421903997
5.3345718187824,80.8196905415003,31155.268414865,4819.557513,28066.0327229887
21.2375834188539,87.1543859987714,5866.55045078394,2956.869892,5665.5112537768
4.57387558580054,74.1211464004676,59223.8731697748,4819.949022,51138.077878545
20.5489097999927,74.1659620308368,17678.3074863979,2961.545615,15472.753630397
6.77390180015015,90.3626347416994,20700.4887239423,4827.341296,20238.5950756542
4.62353241594635,82.5130982350595,64526.9120947992,4823.617605,57219.355199252
20.219066958876,75.3729960983276,18751.646256546,2964.920231,17261.0911388548
10.5867150974989,63.6851772325779,17254.4683078828,2017.580408,15336.8139648036
20.126207187133,84.5474862510489,28799.296330419,2958.840026,26181.8590479592
17.4476938758238,88.5504752380309,4123.90969728701,2957.461468,3857.64077069141
21.112320683525,97.0368729108379,6829.99212794201,2958.7484,6257.89027484851
8.48601933773655,46.0062520236188,42311.6072814866,2021.346255,41179.8172972977
12.5436999245549,94.726768569051,48054.0790563865,2020.118346,46049.0446209329
20.8591000184429,88.78056357133,3052.66624164871,2117.049313,2607.15742036702
6.48766820526772,85.2595547570755,59226.3859019295,4819.071681,51898.6624179825
20.3469034505593,98.4463705400195,994.596148940973,2964.546911,938.578364285159
10.12846929877,61.3243821096539,54908.3640827771,2021.580184,47280.3432643975
13.2099472828568,87.6178889359058,5735.44084849321,2014.335658,5243.09840813818
20.75522285954,76.987904963145,20713.4064291826,2957.63861,18978.6223891581
5.89969290779298,34.1977726290784,30142.7045663915,2018.275297,26903.9225177258
5.58320156434981,86.3424038381705,80529.7072688878,4825.487982,74326.9624992421
20.0538287565137,94.9038471996865,26663.8493974021,2117.338069,23262.2265898813
18.8157353036029,91.430379233354,14226.0698192972,2955.555401,12389.2964531115
17.0023237878907,80.7336147071508,22515.537133307,2962.404526,19803.3856953267
15.8414731516578,88.7146731759139,14253.5116145319,2964.013818,12633.5221135748
19.7668195947007,79.4798230375318,10855.0141709301,2957.162109,9289.90099494374
5.65731011309754,76.2164831194072,71757.7641812684,4824.572169,65082.3217796124
4.81309337213332,92.9128703322441,7418.63461994335,4825.240836,6671.58285728182
8.11365901319501,76.7310505099447,27287.8611518534,2013.154052,25080.8478429723
10.9149094905063,80.0043387029021,11625.0490554363,2016.085868,11430.333630128
7.85246695401283,70.9607234188187,28987.228212921,2020.134143,25318.4712550651
7.07867546225499,92.3924740505395,81512.7409766163,4823.567261,73888.3954049054
8.36383862667226,76.9642912860289,30151.3022825642,2018.337115,28714.0088681981
20.7192499442477,84.3255639611457,13158.9492911448,2964.773736,11995.9003360674
4.8609065068987,92.3868275488268,7253.58625041666,4827.384135,6371.50134886141
12.7620303397596,90.8698827887281,5502.47624741928,2013.669309,4945.01763430536
20.2700145748817,96.9430240143909,3465.16126103786,2958.574086,3099.84287475995
7.84535265071904,70.2570029116902,23844.5214690241,2019.450825,21604.8814385487
12.2157676330928,91.6545349045706,6175.93239231853,2014.038014,5414.60400587577
21.2704053583783,97.7392875893853,2002.281311695,2962.389664,1878.5252465532
10.5399357456695,97.8998336059604,78201.5024625245,2013.306784,68214.6469411874
21.5444501985443,85.0160520651418,29763.2469968947,2958.018727,26278.9925864581
10.0379280481371,65.9153046278673,59323.3213815858,2015.897829,55687.2948329059
23.4276668811559,87.4043147145088,26074.6368639831,2955.910933,22221.125504273
7.08148891192652,89.6980992875183,31368.1791856334,4818.060299,26827.1797343551
11.3161610012106,79.7683811455876,32335.6991679649,2016.288926,29314.2587193738
18.1342010518368,90.0851146473703,26505.0401248947,2957.575845,22919.2704314286
20.836550355076,97.0397214321031,8335.2662238806,2113.453515,7975.34203875577
18.5560226693304,71.7419924835933,29243.6956156103,2116.678243,28860.20802746
12.2066698087385,96.5382319784965,4461.30377204395,2020.111001,4017.86350502583
8.76881443041045,47.5132166817746,53320.050713271,2016.557333,46826.1107618637
17.9663462171733,89.7671924172058,24278.2697668919,2959.006482,21038.446221076
20.0863220136058,97.1072024377469,25895.0634347831,2116.845323,23056.1626606867
13.4320780550523,83.7044453559502,15067.4080374642,2021.980784,13698.4269763338
21.58274369056,83.0013699381083,19856.8431844312,2960.920832,16523.0992687357
6.7243804041062,82.8064335741386,24630.7360270687,4820.796789,21902.6329598988
5.98285057384488,76.315716600405,74427.02587132,4819.682158,65432.7285062518
19.6231532444311,84.8836297410289,40342.9684352779,2960.69888,34860.7001625821
13.3542253516556,95.602925449914,46032.1049615726,2020.765171,41388.3865041936
7.1038488079145,91.854705355966,13470.0606050992,4822.080899,12254.8973686598
7.75639107355718,68.8145489716717,22476.8504270492,2018.344664,19319.5552836308
16.4756317086074,91.4653670927182,10539.3939897601,2955.665495,10170.6979413679
6.42703752488168,83.3831173953532,59801.0896121842,4823.417454,52562.5865008169
22.4014659003383,84.7092520148155,31007.3145958048,2963.983949,27356.5750401177
9.82193639007279,67.4177223709847,42930.1338997332,2019.853225,41775.638887842
6.71180101358435,89.2190310310685,24936.671345028,4818.196604,21549.5123366103
17.4256032893008,79.7395579568307,18830.4616298289,2963.364392,16126.7513547794
21.3511560460993,97.3748235149661,4037.36878234556,2962.579409,3779.97039595463
5.99914419805945,82.4922273556182,73991.4672887924,4826.973121,68337.4243007082
5.75259248306246,34.49477118351,38568.4116697584,2019.848132,36025.9761524927
22.2429092982515,88.9174971087942,3802.85121787534,2957.981206,3549.84401068796
15.9637429685293,89.4174800706682,5720.63144752172,2964.985852,5518.9872214327
17.5943615863313,89.7224387974719,26959.5242786597,2960.42597,24691.7826659009
4.65560998595278,73.8224016992199,43795.1294653641,4818.921616,39840.6545541297
23.2305113520083,84.4985716566299,4604.20771116258,2958.032575,3967.8180624534
4.75941396088252,84.8993747841159,43554.0995140883,4818.242557,40495.9083152237
7.14297353508824,81.4795633941608,29313.4006620184,4819.183952,28663.6414073984
5.58834460827015,85.1896925116509,44831.4340235228,4827.872431,41284.9685349737
11.968257579915,92.0865279803157,6135.90178704476,2020.907859,5668.70879116342
19.3054634274483,71.3956206516057,46644.3518900775,2119.069826,45169.5770124978
5.6630948091323,82.1541450211686,77928.593436224,4819.4246,72836.1317382934
4.77005787308391,79.7074203432489,40861.993950189,4823.731014,37308.3290591777
15.7783501990054,89.3801024557086,5289.90849416903,2959.246984,5007.81948549783
6.13068440518412,74.2132119754097,66562.2580169261,4824.411447,59999.9952836715
6.57370679934501,79.0130212811279,50442.5924199236,2017.884762,48770.5593076205
5.6752511394204,86.397139535485,24421.7816934143,4825.241309,23832.9930468446
20.1317108001955,80.706484323197,17696.7086506985,2957.646948,16700.5316674199
21.2803658711947,86.1997227169924,8766.22982189987,2964.558654,7688.51073040491
5.53786344884072,86.4827150653386,39199.6817276912,4822.446051,32444.9953650324
8.40635565775307,45.1961659732219,42857.4750079346,2015.374917,36005.952960603
6.02547915068941,71.3737053955912,60040.3140557201,4820.600815,49936.2587819969
20.0288707739389,94.268992045424,3869.57108935751,2114.354056,3553.62087169383
6.28703580052424,79.5135738388654,32284.3869904919,4826.017997,30411.6334717109
22.6027160623528,83.8861008277614,15735.7192334396,2962.933407,13234.3114978113
11.1298171029159,82.1762255149646,7113.97739106046,2012.872324,6700.61301637901
5.01112544088794,79.7272274697373,37787.9758332095,4820.465377,33770.7866286361
11.620852900217,79.5756433018972,41293.9354244484,2017.893235,36570.5562092679
5.0513121006919,71.1075626718286,81045.1029030366,4824.313124,73109.2919217961
5.56600298690042,83.9763886803185,79852.5214085175,4822.861023,70500.6351278956
6.75827554937724,80.4335039264466,50826.7531629508,2014.744936,46647.9701926578
10.0674216168341,67.9541756121109,28209.9870126443,2020.422382,23473.4529384774
20.3662240891265,95.2766835741008,6845.23173115661,2120.632807,6599.79530133279
6.94931941220109,87.2880111195534,23170.2155689665,4819.839989,20709.4500319632
21.4562219083104,82.497754166627,20194.6069448128,2962.04765,17823.2995464515
6.41506269536347,79.7430333879751,11206.5638252809,4827.19727,9818.75808640159
20.9090793067457,85.7861913141256,22773.5518579342,2957.756572,19861.9407071181
13.0240398735309,83.7603022268991,14624.3318429172,2021.417768,12799.5067910605
7.66619539772541,75.8226646525981,28334.6513930402,2018.613354,26343.7617698097
5.22708185389148,67.2302607664019,63786.4790409263,4827.213812,55017.3210671165
6.21383422916487,82.3931020268045,50463.5017215588,4822.459508,47362.6572074894
21.3242151943855,87.8009928658272,10707.4512934201,2956.393002,9591.39687128781
20.6170010615458,98.237759424995,3326.80448606121,2957.778353,3050.90919480971
17.8588100713084,77.3234690156638,28376.6597350428,2121.334653,25746.9127410413
18.9244062947929,86.0821408744116,14372.5712788515,2962.343685,13492.8965359924
7.10925068020963,86.6425654259903,14976.2230708798,2014.217989,13096.1035378722
7.49853414100876,88.1432415892994,16602.6526562602,2018.807512,14470.3134641601
5.53930680707898,66.8061026303148,43322.1055583554,4822.254897,39006.1940536316
11.849261702826,90.5149100424983,8735.91727702453,2013.095441,8452.88358777561
6.35795891802367,76.1071967452185,35505.3673834233,4819.420195,32792.1329884847
9.88974918352446,67.5135365390462,44057.6444898783,2017.444073,38579.2677045679
22.3707424358028,97.8715880383098,33689.9772824919,2957.301898,30501.9226593268
6.16228835998992,85.5614767280444,22771.7549260625,4823.352613,21673.6091159489
10.5955407365514,63.358449182701,23553.8525466041,2020.709914,20116.2597477146
22.9437356792807,87.7534229811555,6382.1307130621,2959.852054,5301.91181877434
9.9700757273286,62.9335570360752,22746.9862214599,2019.282947,20703.592085562
6.27887844744687,81.6186389405563,48974.5289564545,4818.657416,43298.1028268996
9.45075204444725,60.0081060897582,50313.7865558264,2016.932143,45916.9470130783
19.4862529081024,83.7057197702121,31491.0997611759,2962.758109,30972.9366150284
6.92672353823957,91.486026381225,11344.9270849343,4823.018393,10559.9906600068
5.29936421074424,65.4608625782803,80508.9245611279,4825.411539,69380.9546688442
4.13595492946819,63.2100509052699,21291.0042078657,2018.419657,20129.5841757267
6.01493042413847,81.1673824513332,57072.0925046601,4824.431136,53476.0418831376
8.4247240693223,43.3961738319268,59070.1966022486,2016.038313,49126.8258671901
6.63861719924341,75.2967708588317,75161.6275169085,4819.918004,70779.1283325297
23.5579350257054,83.4896815733185,12285.7077060998,2957.110171,10762.9581414325
6.33667748486721,80.6886437592466,40503.463651256,4820.841867,34673.7735558976
8.52543459875687,46.3060796120051,43768.9061382457,2015.657833,38422.1260054262
20.0419098759642,96.3678859643092,16450.8272754662,2961.457884,14273.448689109
11.9181986563273,80.2652532142383,25326.6877717023,2017.845852,21608.4586031515
18.4565711902028,79.1680278377925,33616.6409121648,2119.368266,28849.1564665207
8.08120808701647,95.5709091526951,17384.8733412663,4826.90444,16354.9679507197
4.78351178555795,85.2163202935383,42667.3056224944,4818.917281,36444.2242263957
6.91198707854272,93.3630287844643,9341.92002353986,4821.079801,8923.98107904386
12.7308584788933,91.5688721527631,5971.97421174158,2019.989422,5647.80554344631
20.9040357142009,98.4200931593642,8209.97101004491,2119.307,6899.22584006251
11.8731327581111,79.6390915581122,46734.4197668043,2015.392366,39714.7759342934
17.7639999921383,80.2338080614922,23929.0024824364,2955.85303,21358.2135296707
19.744049252237,85.5394697142238,31703.1197805425,2957.883494,29015.0582028371
8.37197211122083,78.4017259009556,28591.2451039527,2015.083387,25383.5610592677
5.31333850591376,71.5540510139552,76023.4266135728,4824.753086,72815.258149973
6.55971401172302,77.7432763273218,53843.679584146,2017.377768,48709.1380960226
19.629110308935,86.273291197145,17856.0529938689,2956.188154,15685.0870343612
5.69124681263628,84.9814670165892,71845.7155464974,4827.247908,64391.9118501811
3.85415143809307,73.4573800520197,58323.7595789472,4825.339455,51440.540866582
18.0667844853808,92.0071993807458,22995.3189176923,2961.859679,22429.1611590308
19.6828748817267,96.8772411997625,6362.93450833514,2121.465014,6227.0267905123
6.05454034006375,73.9621693940698,79923.7625010736,4823.719171,71194.7271919278
22.3425134130282,86.2148982249432,6667.35397883697,2961.810798,6420.81950054803
12.0574540873886,96.7595238584808,2201.10419704716,2018.489475,1980.16730834382
19.9972091287628,90.838002932682,30863.9880314005,2959.084393,26322.9410594394
22.6517911409572,83.2427861581449,12551.7958159091,2959.933287,11412.7444650076
20.0275573889447,84.5709625755145,14217.244236101,2964.93749,12019.5772214708
16.7105850028622,89.7626420867908,4829.65376255535,2956.641108,4474.2002168543
17.5241998405399,80.3407280755084,9640.71257116758,2957.851212,8066.47857322097
5.98962355214564,75.3054425612002,29670.0924042225,4827.398579,28034.171486608
20.9999298149377,84.7769112015189,32184.3933083194,2957.345573,29336.9731437582
12.2230899537843,92.3433811966161,7920.64664878178,2021.01862,6820.60055891885
9.68148613078266,66.4028800325527,73776.4770225116,2015.119785,67203.6222488191
15.9067254106513,83.4734566142636,21876.8657763889,2959.706513,20597.2651472198
18.467315063369,81.4360483144002,21725.5710221085,2962.990094,19182.3245605636
19.0472138526465,77.8835565240902,25333.3739785522,2121.274899,22011.7029849131
6.60220917023745,92.9136079371519,13191.2569053155,4826.547072,11940.9251329989
12.2023940926422,97.3104501022057,2260.00188458378,2014.132122,1958.32089070086
20.166198054974,85.6925948064773,6583.8288812438,2116.250327,5806.36176829996
10.4438372157114,97.2750808240633,16743.9315739225,2014.273646,15758.8677599328
6.24082189195055,79.6911994675734,32561.4151896456,2014.42312,30905.6866992258
5.69582382571484,83.3255911631797,80660.1751891625,4823.414616,73534.2046444413
7.34100980829553,78.8912383312983,30581.6236531402,4821.414743,25805.5354624103
5.06964941218652,81.3975434254344,23764.5557211098,4819.698971,22297.7900939106
7.23915182577657,89.2804237899472,14332.7456540212,2016.264365,13360.6735584644
6.20769071262484,96.6365016204453,19759.6538627049,2013.747098,17421.8443772995
5.43320575825926,86.5334420297069,11399.8906033575,4818.247169,10361.9459638468
16.3956153924387,91.6236105773883,30121.8135421849,2955.548137,27025.7757847898
7.43111825048584,88.1817980478462,15266.2178382076,2019.789041,13630.2166111254
19.6215530129646,95.9448196001391,12095.2020538037,2112.116584,10939.5069284344
16.2182481539568,88.5074646540978,36595.1276523777,2958.558324,32655.8820751443
23.8180007404687,84.6290772296848,11500.7073079108,2959.317585,11059.033701943
20.9305888775853,93.4704712791133,10172.5662296679,2121.149491,9476.03308930863
18.2870743403769,96.4120456438645,13021.1827811003,2116.093407,11708.6720376115
10.8634519769063,80.76180126784,11694.6534644425,2017.012103,10943.5425804332
15.6088906510645,89.0559099067476,33166.4002071961,2962.145689,28313.4262723515
6.49889800560336,86.1391767849269,39129.6310277428,4824.857476,32969.4517069271
4.72331166753612,73.3118884018931,42977.535211893,4822.189327,38002.6863629532
9.96197407776766,64.9657817505575,35699.97652333,2021.892764,31518.6574876888
20.7024143648612,75.173551838056,19076.9895031077,2958.458393,16370.4784081257
18.7405590217917,86.5197219273298,16484.275687406,2964.248152,14463.8044459967
4.69743201155454,83.2373255979192,50898.6498494929,4826.126002,44407.3699739507
6.72607603982428,91.4842206407431,17068.2359514803,4826.94941,15629.9241188864
21.1166678372064,74.7261128810534,14449.2140526045,2963.955258,12660.2395479213
18.4873333777164,91.0610123055165,33320.7455879741,2958.796319,29254.6635971532
5.89959721652157,88.7963821410619,8458.24223168369,2019.67007,7922.65162028323
6.1393989552632,87.1271674975638,77324.5425601658,4820.978518,74856.9786696114
6.10202762407108,77.1439603336784,74466.4302615713,4822.837856,67674.7846985021
4.48578303736656,64.8620650962493,25727.4923187684,2020.984694,24323.4236652067
18.9840901628246,67.6897002806458,20045.1160002822,2959.93401,18433.9322912403
4.39370039181989,64.9705868257927,7263.46804429446,4822.404464,6744.1534175236
17.8091632106827,79.4020442081487,30222.7027146541,2112.304359,27823.8616944431
5.91240096105095,96.0977198176827,24650.1689508251,2012.594105,23716.2386067385
19.9768544210191,85.7918962278177,31579.4325526906,2963.270815,28695.7379985073
22.1198502104556,76.3505973975365,18306.7605081356,2961.560812,16660.4459084418
7.55394473070443,87.968654706826,20937.7763061429,2012.599267,19349.5924020773
5.55186031187486,65.5904296889009,33476.0269043597,4821.430253,30758.8145687602
5.67197587986974,83.7460704202379,8019.2876514455,4820.193209,7724.68401046714
5.36326232293513,80.8795847453135,46743.6946351412,4818.270503,43847.6881116495
5.41254076253003,81.047547654801,70907.5084892628,4823.402404,59027.1889050449
18.8995608650822,89.8832887900379,28784.5098831735,2964.316076,24434.3042075655
7.90858090216768,73.2589882125664,26355.305183864,2018.46066,23342.0577707722
5.30436652553369,79.1458389825243,11066.3803891091,4822.812575,10025.090343861
5.34074382631208,73.5348373922983,46175.6962669009,4823.61848,41701.1470245212
20.7837440499832,85.5637644892419,4366.63805518376,2118.344093,3757.95196569531
5.05415506091187,78.5862557825876,6333.76653313274,4824.322913,5602.87605473125
9.82742396396624,61.3181489536133,31476.7622806408,2018.461776,29165.5236911146
21.3280223056522,93.9838597405741,6400.06396378306,2116.983001,6150.80363400677
5.59511488246197,74.961919485101,23803.4189930275,4826.00666,21192.890521174
5.9606793094086,70.6421317869095,75242.0413688502,4821.695177,71200.4253711817
4.93198269296402,84.7895708516831,42001.4627745607,4827.342489,37449.5813329063
10.064404623294,60.3251938881239,49430.602263295,2019.26601,43122.0337719573
21.108638210502,82.5759760196803,14092.4292214922,2956.044834,13135.4172465842
6.95900870461981,88.1592026137997,20057.8552053801,2017.799751,18478.7925772697
21.985723297168,82.6436431734378,20487.7732568227,2958.602531,18207.3440680476
17.6458448783603,85.4072093133793,22240.3058398651,2955.739666,18426.945840201
6.37424652349212,81.1653176525929,51754.8598560116,4826.810572,49976.4040158368
18.9548151696963,87.1402612572591,8629.7113735129,2959.53047,8361.55100451964
4.49693272146399,73.9998560803892,43757.5815647245,4827.930245,40425.6434032945
4.58933867191799,75.8683335812898,21890.7994775072,4820.630883,20707.5804641887
20.1847238956109,85.9390689598811,19801.8870929545,2959.652164,18094.6251960837
21.2278297657962,83.3347800036929,6920.14124354041,2116.854958,6215.79118984649
19.4893543197061,92.775192823659,40587.0700444625,2116.498436,35945.4060869455
5.83700361085924,66.3219672791195,75882.842548248,4821.236621,71275.9992769903
21.1515818531892,75.5996822799648,21491.4014974257,2957.534724,18577.5476651333
5.72920693234426,84.7873056730515,30253.3957302338,4823.844916,28147.8560770482
20.268786631754,85.4067219158729,21011.9900931024,2963.549394,18049.50873405
4.61067918738615,66.9626631660305,30276.8292422343,2015.432098,29204.5218402371
3.70875492376879,74.4437645490305,75465.9014757292,4819.692866,67232.7888637647
4.72555906754658,71.5951703054135,57384.140500151,4820.51092,50009.0057978485
8.00635292505947,73.402466821854,25668.3104278924,2019.90229,25361.7499764167
10.2279681791806,66.4967584747923,49257.6393186319,2013.899444,46061.4809470329
7.05353179645665,88.7124778789941,15151.3919403143,2021.800924,13656.1134038352
6.42100883620894,78.9159820515558,61424.473644947,4820.020648,59046.8133269569
15.8706705927638,89.1751006547079,6472.6104372951,2956.140775,5774.89052107169
19.1999808360569,96.0633186023095,25973.2968590197,2113.67069,23105.8824381651
12.4380030733336,91.4545058141636,8461.57126141932,2013.929453,7797.2296452195
11.9568325668217,97.8502719420131,2143.91359669827,2012.111834,2121.34431655634
8.32598851205682,46.9797734400677,52080.1119227654,2014.968312,46280.0455973605
11.1139096128626,92.7926753445548,10431.5628984788,2017.72724,9474.6819836604
20.1762766538803,85.3077050860316,27308.1298432178,2958.315452,24577.2701675031
6.9728009656728,90.9239513252836,16638.99290303,4827.418357,15985.5854633975
7.13710548801708,89.1975212710035,30866.8943328766,4825.061371,28034.8939830859
18.2882331066698,73.2708172439459,17733.3777560401,2120.018624,15813.8735020727
5.81421779615829,83.53221474697,68082.6255102798,4822.586965,62563.14107545
6.46006925072767,91.7869075956808,46559.9643803321,4825.99122,44017.8430875427
5.3618978251325,84.2189507210113,24369.2186717574,4827.045483,22110.1808255513
6.38902066161796,77.1201130889134,24824.4442598929,4819.533555,23787.9024259982
15.6762915962654,84.5943620944661,72783.9473502132,2959.702652,68320.80848937
5.52456604859307,70.9437972168796,78668.6707001327,4823.544892,70410.887768324
20.6295780122548,85.2168772690599,16743.277881727,2958.763494,16318.2295957222
7.55992280196748,88.4854676803746,22128.6329923663,2021.530518,19554.8853383181
6.93672137939303,92.2048520021853,15115.2315939307,4827.920305,12935.0348923981
5.34490049635284,71.7025660414373,74580.9054471096,4818.923316,68148.7780330541
5.34028166231453,71.5672788592096,68487.370260692,4827.689221,61239.3201059984
21.2395374635996,83.8696024424446,26896.6864256347,2958.976622,24650.6989360994
4.86386393227633,77.8321054721335,30397.8352907305,4826.832353,27117.7825422649
20.6725254830119,93.30242843411,4093.84162541447,2118.10859,3616.23702157093
4.53747975175687,66.7821566271521,36216.4399921407,2018.722489,35706.4836645517
4.53486644803337,67.391649297359,15545.9601431507,2021.995687,14054.6733218399
6.95117870046885,93.5720222302467,10366.8240284873,4821.965172,8968.27064427812
19.5462944726213,81.4477631304334,19007.8385285012,2958.697546,16057.1180884079
12.7493102667691,97.130872595695,14613.3463486829,2017.124991,13884.1167588722
19.1176188664518,86.2456099316554,9513.39798391528,2961.113129,8959.55963938999
5.99015008985756,75.5206528169022,77798.0510012347,4818.912924,69664.2533200837
17.8087208114673,85.3671418714973,20912.2826432887,2963.530666,18845.193077348
21.2420752889489,82.5187726271953,22475.5025459392,2958.086012,19776.9653913262
6.06366716119747,97.3987280939896,14790.2095185546,2012.308038,14411.7742647049
4.44469028475369,64.9436157691141,23694.7977229549,2014.974135,21021.7232124308
21.4723649338099,98.046857108139,8623.30412165347,2119.706233,7637.29394271869
8.18981920095234,43.0572101493049,55376.4603324009,2019.504411,52253.3659176698
12.7888969535131,97.0002318171667,1340.6216900541,2017.422358,1163.99922259594
20.6886229520004,75.6711429976914,16604.2553839404,2958.913691,16212.0278362846
20.0092410928609,85.5945760790825,10378.4935754696,2116.125702,9566.15351119526
6.10786427466818,72.2093984167973,40815.8666103124,4818.227676,34893.7310224993
16.0239404105987,90.6247227151406,11896.4304047952,2962.709249,10320.8329561596
10.869736189461,96.1229654752442,8758.59244246785,2021.032197,7469.39214869976
18.3893139364481,95.7420771742912,13111.240674639,2121.353118,11163.4666288939
22.9583576076842,86.6616859735295,9562.10638469754,2960.900147,8923.0740125365
7.23724678614284,88.4749823599444,15692.053382779,2016.034428,14321.2937675679
16.8521592743601,90.6552348220442,7344.92549234753,2961.41791,7108.4144091531
6.11047994879279,85.5479169495938,71649.6519764589,4823.232389,65368.070587789
20.7450118916032,97.8464021781615,8392.04344872364,2113.840835,7590.40851826734
7.1869111828534,88.5519517375506,14884.1302614963,2019.343021,12812.7016007891
6.23612652170723,81.6963866899823,82445.1587735873,4819.856974,70345.0491503369
21.6636099990073,88.381966567898,2667.18106143042,2963.481034,2455.93665404072
5.71016783983349,88.3185084005206,8399.01878305747,2015.000449,7792.32110545216
13.0597085371245,86.4058384648502,8227.44458777178,2015.492135,7165.74865472821
5.90979719182345,83.3796977988963,29122.615685458,4827.747451,25955.8631826161
5.51670818843635,80.1256558372887,81251.9026143585,4827.015599,70829.0275706287
17.4743104839465,82.4329133354188,48167.8562296318,2961.920958,43039.3867490076
16.100149119242,89.64634236367,21445.8744961198,2964.728584,19648.3030155796
20.3914484477078,96.4400808679289,28630.604615651,2118.637624,26393.5224643391
5.70209829438363,82.9401860354284,76112.1087088515,4825.577489,68300.1983410966
6.41966816832231,81.631611885137,80485.0346512936,4823.634336,74763.1346505523
21.2800257329239,92.9761547422462,3422.85761182235,2112.222561,3218.37778377551
5.7374515415513,90.805472815464,14571.1947339975,4819.192947,14286.6886879564
15.8863335605336,91.5224997207015,47928.4430529284,2964.12968,45520.500171139
19.8060031251337,91.5226863279148,7284.90165042698,2120.599536,6088.98505869114
20.0983640087684,86.9212764417397,21276.0907775612,2957.307876,17946.3714156892
20.3799862509219,97.9838878150544,7995.3845220715,2959.089755,7324.93403142248
12.0579123508355,93.7001432414268,31888.2679548606,2017.136626,30881.1245896187
21.2821602609881,95.9814548149403,8384.29985264689,2118.829495,7673.45081130491
7.19713806952036,88.0307691666126,16418.3122065325,2014.458031,15446.153167556
20.7992716475943,97.0328772262481,16411.0353829238,2958.214094,14229.5683633852
12.695641947307,97.0759131054448,1994.46203820591,2018.428801,1745.59252081664
11.9612888548719,80.3991557383266,51033.1904835113,2019.348385,44564.4172755837
19.3013656960978,91.766807111881,11431.3651620525,2119.340485,10176.5730924456
19.0816536013649,95.7371073938787,15190.7565286278,2121.474036,13597.1323430575
21.267194457342,93.6536597538524,7586.09050825035,2116.353562,7165.81424316731
16.625202751984,90.8937014691259,5202.29795354433,2957.880692,4567.12560748456
19.8996795857171,83.0222450936511,26084.2248397926,2956.771122,22152.5608668007
5.87668447444379,77.2435520891927,31470.8908269539,4822.708352,29535.9019518614
20.0086901776995,75.1785869370172,26881.7759288184,2959.06597,23967.1136087486
7.999438626365,71.1859991849379,25602.1608674226,2014.712965,24434.7166585247
19.4726286885365,71.0834912993813,37719.1848877944,2115.867653,35220.5947362964
20.8391651346901,86.5785735639889,5629.17455496965,2112.178167,4940.78764373295
20.5938215529118,82.3159706332954,27850.8132476673,2962.683487,25138.9273277262
5.96072363818568,84.5500099918547,28797.9353483047,4825.549941,24917.2748011777
5.60688510197675,87.0316854222777,31142.3894131989,4825.103355,26921.4693422923
21.7606519483695,91.0643513467519,1202.51732270865,2121.78122,1105.57072480309
19.5246974948688,83.8661585033203,31880.517130279,2962.95467,28864.4861905677
21.8361200375597,88.9060643187724,23654.0858276353,2964.391245,22166.1175031928
22.3120685055463,85.2665409143796,19323.7018348783,2963.526991,18688.4858327299
20.516966964697,98.6149506385636,20608.2402512733,2956.647752,19510.5689622863
7.78420604563397,66.8052892053269,27533.6307976593,2021.154681,26018.8626649164
10.0699164766743,63.5577063595702,22862.9573180058,2015.021728,20665.5867366117
4.63573820807212,67.1162371307684,32331.092435166,2013.329313,28088.494811136
4.93507787110747,85.390086245956,29922.3720120099,4821.354757,28637.5270564046
18.8150408157032,71.2499508217936,49778.1037364588,2113.694018,42561.2351864742
4.81857803446743,83.049964283954,54285.124365658,4819.368064,47155.302458318
22.2316396176447,84.5258143321847,11740.8769812984,2958.678668,10635.5775544831
21.2516616857421,74.1126271816857,15561.909078453,2962.853441,15152.7217275018
19.9580642558244,94.415351519853,5771.41665131534,2961.323252,5202.33933672582
15.2128069470245,89.7834379479997,20824.179260174,2958.680742,20102.626018461
6.94604658447266,84.47670039976,56098.1187416233,4823.51576,49803.8716033555
19.7772489870768,95.5738805716348,9277.41947266594,2957.777351,8715.59478211645
5.1317379221962,71.203822496855,77197.3975104984,4822.857613,74651.0310334875
16.0442381167935,82.7314709200535,66840.0084199673,2960.380641,60957.7042705896
22.6442995809266,83.7463219806194,15217.7346134994,2956.767063,13563.3079878879
12.0929589842039,97.4569707730542,4301.47115156434,2019.542778,3741.94711085893
5.71978365212213,84.4830424843623,25360.0325928616,4826.940181,23149.5797310477
4.38022392809849,71.9794466635374,4166.29904512235,4824.258019,3954.08380366406
5.90825432469386,75.154685455485,79262.8299554101,4823.721847,73831.9833960136
11.6865836659884,88.9148932409977,8428.0662764169,2018.15315,7303.75680146496
6.02743431165939,84.53032768741,61326.8457865395,4820.104906,54969.1163343199
17.4488139287886,77.1764975499131,36270.0736584308,2116.393951,32658.3431010909
21.0603995649503,90.9728177932831,3729.15587610846,2119.405381,3333.24285876179
12.7433002789572,92.2718765162208,6757.08989795657,2016.729658,6146.4966064202
19.4096154094637,90.800397410767,5154.85333789592,2115.463703,4319.23747989743
9.75023998266906,60.6644374033631,46077.830105863,2013.091363,43684.4760234895
21.0377782433478,86.3291968021651,4346.35105922739,2121.362479,3922.98818747207
22.2321544661839,87.3568476772756,16877.7976261976,2955.39611,16199.2834591212
7.76116605904195,73.8255131870113,26668.5937535391,2014.27513,26360.5528631736
5.51153982936499,75.4677667854012,30225.4983709228,4822.774016,26128.4368909679
9.82764232503277,66.569992331606,71621.0902920067,2016.179744,65171.0952287744
6.94840197546577,93.27533386502,12284.2770392356,4820.850931,11278.9726242415
22.8891647357497,89.0494883250173,19574.3508895069,2957.435049,18916.8479720442
5.69250532496446,85.1396512426306,23769.9817770603,4821.603236,19941.2021081356
7.42912343061905,69.4868388643629,28657.9393750272,2020.133325,26029.9172670065
21.4028947407865,86.8883726128158,6052.88688629273,2120.11337,5537.43853847176
10.1401492743737,65.5539939406233,41517.7906546589,2019.339043,38251.6282900654
10.2377172793745,65.8519245664321,65739.1213488291,2017.374568,60949.8839670277
4.63930827342537,72.0885418801859,30211.8622872771,4822.727789,29523.9159158142
13.0053044842017,92.4732566332046,7295.55734194646,2020.553648,6054.54726360652
13.6671209790136,87.1102849997261,5622.07650476943,2020.812077,5447.14614747296
20.7823333789999,98.3908648271257,8823.48098430357,2120.773445,8193.92805293919
5.51123307479183,76.8665494875412,25596.6614074828,4820.892561,23837.2047238275
22.2101990933881,85.8096393720695,7364.75428106221,2957.472881,6692.73967592192
5.56964131902777,83.9148351300823,36729.0143794713,4827.826501,35648.8587771164
18.3335359592055,89.489694152732,10164.1671648047,2956.858198,9541.88122917026
12.4252614266399,94.9991271080328,60846.8453633849,2014.489625,53205.3260206573
10.3465258418261,68.0950119695744,42147.1039754418,2016.036374,38788.1657582917
7.33883250379783,68.7506991412298,28368.7097062848,2018.578508,25446.5640199369
17.4211165808983,74.9250362851965,36671.764605014,2115.888623,34678.5125132784
7.13336431746044,94.7717342460889,10395.6508905682,4824.801546,9994.84773808699
16.7426788260683,87.9778271261704,8930.71416479231,2964.136676,8134.19198760072
15.4931560965536,85.4029140130905,51045.5077463244,2960.088619,44696.7617132514
4.23645394380339,65.800626844807,36588.6122991142,2013.860253,34700.3711900544
5.55377507258967,71.6010679009498,75382.3731348244,4818.93056,68052.0024362712
4.90133484334651,72.477860255729,35449.5008576826,4819.305919,31419.589884097
5.80259173528798,87.2743888336029,16429.6734218266,4823.672659,14780.5091008353
21.4769283086053,82.9933992765977,13976.3402337488,2959.951848,12521.3280695015
6.58147052604373,78.7271482000237,53893.1467245375,2012.599011,45048.8276552736
5.34135447135175,67.1815410569852,78853.9778377368,4826.472902,73258.5326205565
18.5813934063662,92.3232451292742,24886.8289395737,2964.130807,20860.8789264448
15.6230092671577,91.2319702532361,8276.84686557273,2962.967543,7791.12212723803
11.2930013160747,93.9235413766652,14105.2831620237,2017.666293,12601.4088372761
6.18297651533302,76.9460775031767,77990.8167424118,4819.435242,72244.986529758
20.7684312485461,91.4057527572737,17264.3642306667,2112.192398,15624.71859698
13.8423459230835,86.2805193091348,5990.24319526674,2014.467056,5716.59135007167
5.86327047097199,82.7429515931632,32884.1827112231,4820.783438,31535.217908647
21.1283166279153,76.1915922652837,20767.1446833812,2958.765002,18360.741423641
22.8815818593237,79.3974579173409,10175.5816730564,2964.583475,9176.50235259119
5.42856280748256,92.2076991021808,14895.9126854738,4826.352081,13055.2239007608
5.82427962732533,83.5523075011344,69360.8584539147,4818.634353,62540.3612191418
12.8708090090079,94.7823168739128,65200.3701742685,2019.998059,59541.0279541597
20.3968748240325,75.2134101782362,21134.1114341652,2963.232694,18866.1065878265
4.99185407274724,71.0793548248286,73876.3406735865,4819.733779,63704.3471736196
6.12535448786722,82.204729548865,14469.7770379225,4819.778813,12924.0160865818
16.7822428938078,91.6681782159434,11124.931492519,2955.911842,10107.1361040915
21.2935481681692,82.8770548683913,13381.8202554559,2117.442595,11749.053243119
6.69600387435696,81.6435691128023,30914.3344164428,4825.536949,27640.0844082086
5.73824906530411,72.0093652640568,42475.9985524135,4822.668557,40857.4791978558
19.0167989189433,77.48856528772,36003.8146686963,2112.916133,31286.5150647823
7.50031621562885,89.2526938208438,15713.1679344009,2015.063447,14274.2787769993
19.4831129191737,73.9972417904063,41820.7976852456,2112.263607,36035.2530999817
22.3304806076785,74.6406473055992,18813.3120383987,2964.498586,16923.7699123007
20.122021713614,97.1119632469703,23208.0535313508,2120.453739,20195.6159766072
5.84979172216009,75.0818674490611,16574.2289826398,4820.08314,15182.8813266094
12.9959425335228,86.9765118035203,6421.01460029335,2014.319917,5923.21699540191
7.97457645611827,44.2093710553181,59161.6083485878,2019.520755,51390.3728138888
20.802896584839,97.9511541634804,3296.01629045328,2964.117134,2949.94482523192
5.51544763039677,66.5523510419132,49451.5863450283,4820.731963,44458.8835458766
12.8376990854555,93.3266698512023,23687.9656102537,2019.254061,20610.6009614618
21.0018590632969,98.1783102762145,64872.3725332897,2960.492079,55954.1408988866
6.5877974596264,79.2304592541169,62396.1639005729,2014.102073,55156.370301697
6.22442232095321,98.7407445013252,2580.75268428009,4822.031394,2481.25485958804
15.6461388427565,89.4874967273062,4859.30219086691,2960.959487,4441.92584247187
20.578835478377,98.0097413712707,7438.52770362441,2120.581241,7247.75715760067
4.66071968725127,72.7008167376502,7158.94361255664,4819.855534,6154.74048332139
20.4310351845177,94.8189042864392,23795.2009084494,2960.591208,22594.2550180028
10.0152979168689,95.7624503086523,79891.7066630286,2019.512892,70105.7390818435
4.4347401011699,66.8426161682682,32221.3374599128,2014.329399,30423.7755151226
6.22625533106565,82.5343168647789,37249.7901623005,4825.912643,36065.0221707072
20.5228364903623,84.4356088992569,33619.5147759753,2963.198753,27595.4463565573
20.3394329443165,87.8510825615633,5308.46199083582,2117.386937,4734.42365585288
15.6713239073175,89.7227461299238,20172.703830304,2955.590033,17591.314506679
10.3648188928861,80.3106910899506,11003.8881955919,2020.825129,9830.5691740013
7.69677511739435,89.8682890565143,15612.6218606345,2014.925092,14759.3983219042
5.24863175623635,80.6292968722189,28728.0584600205,4821.602878,25860.0256632227
20.7459855537384,85.8279327247332,25284.9753881558,2959.88286,22490.5396078902
21.457416380368,97.8899005799726,22838.357350479,2958.842602,20118.0854538677
21.355200216985,84.6508946939572,30845.7037863258,2964.518735,27757.6141794147
20.2220977273292,72.0654644124234,27217.0120136672,2956.65664,24494.7786514909
21.4635246964847,82.8191693631538,25716.4891745634,2958.2796,21948.8077765111
20.8036592967846,92.5429327365808,7237.69423103379,2121.915665,5978.46967747063
6.11359462248568,74.8598372204543,78827.0730948876,4821.107354,69752.5641361821
20.0100796483664,85.7146334860529,12694.662244549,2112.287145,11820.8678514982
20.1568934478261,85.0084015041769,23614.1162118338,2958.721735,22265.1908091142
21.2172910371481,86.0283273591661,17124.7666753865,2964.882834,16169.5451073295
12.0345419090136,93.0075172590946,8627.67218600194,2021.331623,8134.56118798405
11.0135907825599,88.743123559594,14196.9817210338,2013.292743,11892.7238371398
20.3538966601154,97.4944495834857,4061.4982308072,2963.226426,3441.83369812692
9.41939911641812,66.292901884941,38775.0215028675,2018.730478,32379.3966257989
6.32633473458274,91.2674926010992,26172.644807879,4825.155843,22611.6138515725
13.3473756576449,87.1885376590632,12476.6285234922,2013.372829,12202.2331701765
8.12179143874008,73.9852556534182,27430.5013314248,2019.396546,23399.1783465916
6.38356204171418,76.9909790476837,54043.8803355976,2014.56067,47766.4705795361
10.1136650221543,97.2362123292253,21185.9440402806,2019.028674,19400.1799412539
5.36137746946336,66.1287958869731,80614.0383927048,4824.403533,71192.1798919615
19.138899093277,96.4231497080541,25486.8041292062,2112.848136,21116.7509252608
17.4996613597048,88.3645959061665,6249.84651930138,2961.581214,5986.86764658851
21.8442344210368,90.6662026976425,4714.95400459723,2958.917305,4302.04334437492
16.9409064958753,81.2398343320841,9654.60071579069,2955.986495,8656.60070349144
11.6891527019495,86.4173333563322,6701.85045840497,2018.981473,6008.3512396651
6.64067627374851,91.9410008857781,47201.778820419,4826.453566,41386.0890118273
6.00942604508714,84.6465344381536,75555.0182263421,4825.381513,68727.7162398335
10.6725513875677,96.693815524277,10871.3336761917,2018.207197,10639.5159598921
18.4074892803985,88.6735967256511,12297.1697407163,2963.958928,10714.2684226998
10.4760959159869,68.299175100047,46738.7205763264,2014.498196,41863.703710848
21.5521530182456,85.7652051561205,26561.2348563157,2963.180891,25895.627278753
12.7706288700243,92.7387858625467,6162.51899055233,2021.681457,5871.68513193345
21.8070252421396,85.8722575905219,6959.08338981267,2957.473686,6137.05852835579
16.9921949498189,91.1858321984837,27892.258987725,2958.601987,25300.6847926464
19.4660050544588,87.4433292116807,19178.9821812052,2956.362141,16962.852610633
17.2859870529914,80.5681900171193,20872.2035811747,2964.339006,20801.9010662481
21.7577019214946,85.1622149229329,22143.060727349,2961.160877,20197.1605275354
21.4520275593271,98.0476140205011,30587.7667422383,2957.677637,29360.2837210294
19.1419183987291,88.2685264094242,9241.77679052249,2961.674485,8035.98430960596
20.7794956329395,83.4450317128592,22386.6455815301,2961.506231,20513.3391647728
9.80449910744995,67.8184327590741,30160.1952028786,2016.300715,25233.9005978701
6.70966067527149,90.1802272318032,63150.3501159295,4825.210547,59258.7810366981
10.7146504074373,81.691669268191,11594.9935897209,2021.635447,10648.6436162438
6.56174610137044,91.7606426455436,9882.03664166279,4822.598096,8223.63613047105
21.6575181350815,88.6335616197,8413.40043032042,2955.797475,7982.40189894582
6.43076484495588,77.6652312271311,44715.0501831215,4823.422402,39980.6557350431
18.3279088901796,80.7786678675429,23676.1225034287,2959.607322,21791.2906431257
21.9288200642766,75.6205475649743,17839.9504280372,2964.621886,16020.1156995177
6.23469841671796,79.7994339371086,15161.8398187436,4820.979112,12560.9711274178
4.54860391528719,82.9279890718455,19733.1872824727,4819.600972,17238.8501313778
21.6571567629626,85.4911212138462,29025.9438567946,2962.717783,26474.679478638
12.2483709186306,94.3245065946384,6175.29550220298,2019.605126,5569.298498409
24.3113615492725,85.861013462644,7761.92383865868,2955.693425,6523.86579380613
5.45225948904967,72.5794614066885,37422.8477286748,4824.549119,32717.6818662248
20.6817646611392,98.2084426152529,16428.0028105071,2958.758519,14811.1882342124
16.288995920676,87.4540288789635,8902.73011100046,2960.367071,8622.8367015666
18.5344095733229,89.0232759656518,49397.8529682267,2960.75555,44361.6278936396
3.66991689610958,75.5986839845686,51523.0506722987,4820.71126,47200.4774203162
6.02477177328411,86.3384028811399,81692.6095357989,4823.70083,69489.5759591655
6.40682564595425,82.3981783821668,8323.26277749275,4822.949204,7802.03545041265
13.0804618234485,84.5663314790572,12362.3405993953,2014.003903,10548.075935858
5.186376298443,90.6878206530358,13891.5182260216,4827.087715,13138.9215519568
20.6418904457077,97.8572307484891,8928.45203525929,2113.378698,7907.70125967825
7.22269067365976,91.5610604193748,22026.3272805935,4818.097768,20704.9318358395
5.68259487279601,68.421119381929,45250.3294466979,4826.611265,41247.3427502671
16.2370879294568,87.0884544236522,38614.4920222811,2964.890375,37033.8219209381
5.3803541526079,84.7195894611067,36449.5389351293,4820.415525,33135.110348347
6.11630521252954,75.0265450462935,80434.7097664956,4823.986153,73487.1966790147
11.6193849802037,88.9804007015983,14544.4143747358,2016.145815,12495.9188243697
6.56187660214372,78.6675425455654,46008.6911567233,4827.716236,40921.3760646911
23.0981131232726,86.4506105248941,5133.76922315147,2955.300099,4585.48419158457
21.0005728961491,76.3530611816855,17858.9805308793,2964.361466,15903.6457802944
12.7706067596793,93.6265799318146,8507.01682566632,2012.527833,7861.12430725539
12.1589573550586,90.505412555163,9351.81659954023,2020.102298,8226.078535024
18.0144302377433,89.47140099911,5295.11707527321,2955.829054,4678.4960345557
4.66444719596105,82.398552832093,69667.4037012689,4819.639298,58695.4267576097
12.2199438779191,98.8523568063608,3024.37649123731,2019.850182,2886.83826976657
19.7395168059201,82.9561191164989,33728.3417531848,2955.64887,32060.7040750883
22.3242822391081,85.2498884944893,1605.8496001574,2958.427562,1462.21301233478
5.1849696177533,82.6240066155552,11766.1078292847,4821.264432,10261.4708313692
4.64980426553269,68.0360517520697,12610.9181097159,4825.300819,11557.3436913542
21.595071416054,85.2399181353215,29369.8705069393,2964.423724,24940.2651368191
22.9660048768499,86.8344241441666,23292.2218488683,2961.804052,20098.7384988823
22.8002779202528,84.6041751143856,12227.241190394,2955.430848,10863.2065422447
10.115968325599,66.4396856697758,45393.9860867659,2013.602117,44082.0690767159
10.3811628787064,67.6944839650101,50743.7603290616,2014.514457,44946.1515427894
21.2337184723568,85.1974956356382,25427.9569607895,2961.467764,25099.2526277768
16.157675570291,91.129870663722,39916.4082426431,2961.184886,36479.8314544011
6.6598092255133,93.371869592806,16264.036203228,4827.44715,14676.8942595832
4.84522246055285,82.3653748384226,54258.2425933182,4822.933611,50738.6240286858
6.49051313408242,77.7430326388467,39209.2452968696,2020.196109,36648.6482263124
5.61438055265452,78.5566762425764,27864.0822441647,4824.800549,26029.3113959559
5.27620134458151,71.2497938935901,79653.0063073094,4821.860248,67803.3454842107
5.67832640757918,68.4769899668293,82317.5816627709,4818.953935,70922.5568033728
19.7584761458723,90.8152015564237,33583.3367463755,2964.272562,28795.5286018545
20.3714819730383,94.9050665391145,7185.79996213493,2120.164364,6305.92660520558
7.43115273122965,92.872717918233,14423.1806907442,4819.073029,12350.7969113435
4.16230469265849,66.0693969386315,29859.6955663697,2017.461327,28374.5623569155
11.9332657042383,97.9563528309478,2275.07885511194,2014.099062,2121.69873568254
15.9662189135838,84.2197134818246,12391.4687187572,2961.861689,11920.2642533857
20.8901661794669,86.5474226581318,10824.1699937152,2116.287445,9560.218788079
5.4315144065319,92.3546715284896,11848.0443191343,4823.096961,11292.2231172112
21.4370474801471,92.7738097863899,3936.73219875527,2114.094929,3744.95628255849
13.0304859308059,86.4892265813298,6096.92125953271,2012.778756,5727.49672232272
20.296216257121,87.9037095289794,4715.19828143954,2117.105267,4355.96062177502
6.63313625788471,93.5859455497427,19738.4280073722,4826.312129,17593.0219515936
19.5721829495603,82.759792156734,3132.56760228721,2964.651469,2680.9531632705
3.81811304789779,75.7746758961185,54409.4438580959,4820.516039,46768.5754795561
17.5602761429977,94.2470510817312,42190.9669181631,2963.440017,39108.4165017681
11.2019008515725,83.5428376012762,6513.10838555249,2013.512719,5847.05528430287
16.3176961036702,88.0527868476706,26992.9437671034,2963.82708,24741.8368358215
8.48816493246158,75.0876306829755,29143.5834350408,2013.59469,27172.0604556717
15.2605458014851,90.2155396554351,19815.7153849678,2963.923725,17786.9384626169
4.3712654876395,66.9127796950497,32970.2813056259,2016.986735,29408.0152063882
12.8193716882683,96.5687156575037,1831.09861662885,2019.635257,1644.14472425995
20.6304972432162,83.1738636970375,28433.1505180445,2955.852833,24784.9380239964
16.8389233131314,89.8978067519402,20599.6095524434,2957.590588,17274.8837470405
4.64394528222648,82.3628028047818,54203.423623318,4821.016991,50740.4909215433
9.78699942641993,60.4783543413073,39465.5862246213,2020.112959,34782.7216056227
10.188869384378,66.4762651076195,51110.6178972035,2021.556909,42481.2974081762
21.8630280935453,74.5584483900039,20457.038470632,2961.663876,19429.4286661807
5.31834948541391,79.1431105435717,15024.1773128066,4823.111454,13471.7687865735
19.6546987782484,89.7920689880571,12417.1213373145,2960.249249,11017.8412303552
9.67764935818325,62.1154564037907,48039.7568854602,2014.707131,41000.982763187
10.1963779174316,63.4639448371711,16197.6511330225,2019.170815,15690.3007013031
4.33558358708141,71.1441741872484,65534.6091408733,4822.253026,58869.0797819342
21.7466469919072,69.9566298870012,7208.03735207576,2961.61383,6053.08657911084
5.63585164848235,82.3774968280546,76269.6687353826,4825.704172,69582.6330348275
5.69034393439462,85.8410430377405,39176.9114153726,4827.130696,35392.4635218671
7.20947593985171,91.1771852824411,20316.3496576216,4820.176131,18834.0146892821
7.73876149444876,75.8582143842391,26608.0274863614,2015.680488,24593.3060622516
6.94568105036838,91.4380237638206,41134.7596446147,4823.931466,40154.7552410886
5.84152390750786,76.2903103935101,29515.8488902747,4825.841905,27059.7150326428
20.693515017359,87.9662020483939,5377.06688469712,2121.437791,4488.15619420101
12.2946517252751,89.9792031548942,8400.28483606577,2020.491249,7227.34337870265
5.68222333190615,77.1253536174446,29130.1527720011,4825.559298,26570.7966197946
21.3052229391067,86.0186893217044,20757.806094735,2956.348131,17422.366202163
5.91944386891148,77.8956694458254,28584.2807339324,4818.536329,26937.1878541927
5.25093494670569,68.8617064122723,61844.6447755199,4820.89854,56386.6754890698
4.5413115379246,80.5090010515461,40925.9005705371,4827.978812,34834.2644677203
6.66514893817028,78.8160407400081,50177.4935085277,2012.295575,45335.7296771712
6.41298066471188,80.5436476371678,16277.9864534593,4820.750106,15826.8272366017
12.1065318408697,97.3144202885371,16511.7725230846,2020.984027,14842.7499684415
21.5158975513573,84.2817655182151,31046.0998635614,2956.432732,27689.2517965305
21.466429439109,98.7595946136971,7181.98674317206,2956.613972,6197.61479735821
21.1936347862654,93.5720804896155,4370.01420331695,2116.316233,4126.41881218008
16.8131630371334,86.0260759118338,16971.5318775839,2964.968549,16658.8070027269
5.52853575988071,82.268961416019,69687.898790752,4820.183598,67829.244787058
19.2470967194315,83.8643567141168,7910.60512568901,2963.614288,7582.92898033959
6.36998515642121,83.3433223288596,51109.1702271223,4821.508394,46313.0111683205
22.155164399286,88.8015496612381,3606.36151106758,2120.274647,3255.38683550144
7.31800257365881,68.0613867914121,24146.5134696222,2014.093754,22146.5666389718
12.4618841832493,89.4528277235995,8628.61475176047,2013.111595,8380.56007456947
6.83273988246462,91.3231444029124,21494.7479434149,4827.587897,20083.0240381687
20.7604337873536,97.3372552483083,7277.69640986493,2117.334197,7068.32418568417
22.0895170155816,87.2138151367109,5756.33776421875,2114.215264,5078.37302584298
15.7044320761227,83.7984620967145,81168.795303096,2962.353254,68019.9223254592
5.59971895573795,84.1784737958267,11534.6723605024,4818.165072,10386.667911431
5.4480435315719,82.3818360341394,31447.4203438222,4825.062841,29808.8518230097
18.8216576102252,86.5390349330072,18154.5885575813,2960.09276,16603.1446044065
8.11682356557511,76.2210538297896,28426.8185399346,2014.609418,25316.6788481001
19.9970715499579,97.0893671041344,7354.30053193671,2113.681474,7303.58660127686
5.84365246149516,83.1363685807853,28042.3184199684,4822.298502,26718.0686774627
7.33689090547544,92.6896749377257,14071.4326667456,4820.576225,12931.6033874714
7.64187109376205,69.9614018482994,25745.403227338,2013.57151,22605.822338769
13.1197943725811,85.0459286080421,11647.4878629517,2016.753519,10287.3363208113
5.23968893417953,71.3952791108669,36070.8644208133,4827.8821,34285.1835592991
7.18677762914176,94.226596361148,11773.2201909537,4826.228966,11460.422231046
21.6675563580492,85.0137274487373,26137.6928203993,2963.688345,24418.3608401858
5.50312759404748,80.3271518935567,6284.17968986315,4820.64654,5871.2416843088
11.9253125344878,93.8741045691943,10001.8879713014,2012.821872,8961.12439879204
22.9223943738764,84.0231702629986,12303.2947792819,2962.917971,11190.0553441412
22.8817199466634,87.6388757685006,10165.5920237783,2956.003412,9808.96117021016
16.2438890322302,89.4678828812551,52445.2067353705,2962.384151,47018.2609165783
4.68365042342647,70.2546401612648,5884.79407549399,4825.254368,4989.71750713648
6.21697704268025,83.7028399888764,35730.0922111895,4818.859533,33937.7712629851
22.1203436850545,96.9667888189776,4074.20581838717,2957.299705,3660.93554629215
15.8748511981121,83.8979711975935,17153.5642639296,2955.58957,15118.0031266066
18.5352268338129,88.7405398393128,7941.87544345217,2962.815401,7028.72329961335
15.0964292401873,84.0727915348507,27468.1192958332,2963.302112,25898.7794938576
20.0046535737117,92.6250957118309,55696.1398063085,2118.172989,50681.5197869244
4.90125600104694,90.8850693367822,7093.01780310847,4824.823357,6390.23149588281
5.87031341743245,68.9718521946391,44349.4217935253,4818.287456,43981.0278140202
6.27646145746342,75.385303782908,41571.7466584017,4822.066166,38363.8032975977
21.369859100621,87.8265692079262,17223.2538963264,2959.705948,14503.31663629
7.01749690779739,77.9547567286397,30034.6099856177,4826.296499,28122.9502726446
5.97492833570516,84.7489325867074,38375.4274470286,4826.123237,35286.6049079708
5.43560607757622,69.7721075007264,81494.081870043,4826.957713,72458.2375490048
17.9384821982471,77.4587559212775,24904.3243139914,2116.620701,23203.0453002931
18.6340832806044,84.5506997344815,24468.0776053982,2957.548797,22176.4967105806
6.18298699536949,81.9274456227913,69314.7948047954,4827.177183,58317.5390062942
18.4061248910017,90.6813476562392,38168.3474586094,2121.437111,36729.9618492293
5.60555917164483,86.4187055405496,72815.891534281,4822.5766,66284.6512138174
19.4667755011781,74.2900213437494,27416.8416681381,2955.949241,23751.8065345372
19.1225922090244,86.0769972513173,2573.59079648144,2963.460563,2132.01463901535
5.66102643627133,82.9776742564448,75270.0925427159,4824.447176,73096.1889942534
6.31369692166031,76.6317979343496,76340.6350272479,4821.392279,72255.65873313
18.7942949034735,80.3413013579578,18424.7383028164,2958.025315,15570.7017644988
19.193994270139,73.6304388009145,16648.3829571458,2115.854919,16027.1848855631
5.82674803672416,85.5127377495891,59878.1097107346,4820.888295,54248.987325645
21.3969600047689,94.1300631845838,7122.77136387729,2116.006206,6204.6578951479
15.5367326762149,89.3774693427589,16145.0394185442,2961.379045,15908.4359563956
7.64051970186117,74.4720131025354,27634.8164353682,2016.231559,24955.9978249709
20.6634829833007,94.6682513637749,21398.5014841987,2113.748899,19041.597016194
21.8389739939375,73.044369558114,5877.77015859596,2960.582195,4960.20434086054
20.9338531070686,98.3787298489602,8239.9494979395,2119.462035,8109.34153735538
6.8650968235003,93.193254850061,45482.795555654,4821.033278,40009.2732055172
6.5696187118985,79.3966490801083,38547.5008123127,4827.539049,34614.575802505
21.7696795581453,86.8026232236911,6534.71393332681,2114.964884,5993.7787388603
16.1510319981606,88.7695577883372,5208.83451100319,2957.164748,4917.71649521113
22.4905001616086,87.9540650615969,22541.4057302207,2960.384835,21345.2244990741
13.0894383336659,87.3365684343277,7548.01957887985,2021.996199,7132.26490112179
24.3586894201112,85.9460428782587,7776.11580998648,2963.758915,7048.25088072659
6.70682524865573,80.8704890273684,50131.9803470281,2020.9618,46517.7358050006
7.24460226198934,87.7119497149141,15075.9306948283,2018.958168,13048.918696038
22.2667117928232,85.8452679555504,29049.014531783,2958.30052,26149.4179171955
17.9302687812451,88.8502528941246,9987.43651165479,2960.764471,8806.41071867704
4.74977527082366,74.5110594412092,29727.5727345377,4824.184778,27239.3717131423
7.49387836771217,77.0524360441642,34207.1085065406,4820.019523,28373.8673617743
7.59001992298263,90.791522692139,19269.1788592382,2018.689819,17265.3221050555
22.959441033616,89.3482320954486,4611.65197073432,2960.261514,4401.65472789798
20.9426077247463,91.283538099905,9597.752241802,2118.53647,8321.34795296578
18.395524687563,86.9911416196289,3181.78455848539,2956.830644,2972.15915964115
19.7185148609492,71.1771309641638,24443.5527855993,2121.258844,21552.497909969
12.4839853680244,94.0428785486728,57527.6282606879,2020.785706,51238.2280597559
20.4688169148222,84.7448775741068,27652.6232064556,2961.037029,25861.7827555347
6.07592885450535,82.500602720386,27438.4826541733,4819.449313,23093.8984930425
19.5197669257734,73.8697288649893,26173.0777032948,2959.004736,24088.6139719636
20.3725632509156,92.974850305073,17059.6527293715,2963.300353,15205.6114310646
20.1416533979919,92.8517054957944,3494.77685259298,2120.339034,3115.6211803288
15.8289345641126,88.8882742822708,37852.4501507791,2962.845538,34731.7729404448
6.2698397065165,78.3956377174827,31878.1846244002,2014.486378,30051.5787132598
7.4967676793577,66.5497349109694,28598.6407949691,2015.569702,26584.3783286854
19.7304707242507,94.7582500992689,24565.4839051097,2117.205178,24299.4495845649
18.9392573888944,85.7530922351088,14538.7260465923,2955.292687,13365.5369331118
5.52832265124898,67.8108858119321,77465.0276147259,4825.213266,65159.3108940434
19.7253844882355,91.7051363759838,15290.5746606124,2961.31789,13389.1128522986
10.1736054258548,60.7874284869703,42540.1431979302,2021.790833,38259.2124408183
5.11658176883078,79.357150715519,25191.4022304309,4819.207693,22812.1624074923
17.6506730434039,75.1347748517614,27957.4974753526,2121.130895,25616.0135009946
20.0285667393041,95.0597483857162,23348.4297553367,2963.899871,20584.4738996316
23.1488513101729,86.818592216555,8060.19899173096,2956.54969,7951.68246626809
20.4674827250923,75.1766110382582,20173.1442763349,2956.126542,19443.2732365938
19.9317289947962,98.3508578485289,8391.63085938214,2116.253852,8001.02548992496
19.6938111369147,85.232905124308,8396.44633716205,2958.059955,7340.64878804882
5.79551770856338,65.7099233167976,54093.8979587671,4820.207696,46620.7303330266
21.026039026204,90.752578251738,32574.3171267301,2113.337967,29722.9004358619
23.0324277322168,84.5166437730102,1640.44151331893,2958.449497,1362.55071245348
20.492156531301,94.0081715859601,23383.9062204208,2114.861244,21166.5313665505
4.6499823495302,67.3450303132187,14981.5242206614,4827.369426,13614.8566234011
7.38582485524063,70.7914789664389,29498.5373870772,2021.534853,25047.4718586884
4.91640305834545,76.8927446878743,77826.8653316784,4824.432882,68501.1871533654
7.65971421687568,68.2689736530273,28797.5174019625,2017.045754,25897.8863498691
5.71440777994568,83.6852618883101,79252.8489877112,4822.738892,70659.0163486236
10.1232338655316,61.1911116017999,50190.0257580686,2018.891844,44599.1874218391
20.5175350508643,97.745259699858,8363.25071247366,2115.091884,7055.37763456018
5.70993417767855,66.5334556269595,49931.4975843158,4823.152312,48207.4242434604
18.8580035349652,86.5381411926509,14818.7181905319,2956.20789,12930.2828777596
22.637387466458,88.90226404964,26570.8716193482,2959.960507,25103.241247849
17.939962748656,79.6665450153692,22408.1367209357,2957.090917,19914.323511353
5.99870971482565,84.1735378345281,36187.9399877783,4820.968151,31816.0780269163
21.3005223136141,98.2040409764718,7630.7439588189,2112.437431,6779.88684144799
5.90150592116828,82.6124201147291,35446.9789269527,4823.939013,31362.469285037
19.5907714099913,83.8605236085453,24528.8085024908,2962.366156,23192.6672664923
18.8722488680104,89.4478927118841,36182.4697595914,2956.852334,32180.5998324141
5.64491327986193,85.3158176423674,24197.0553486089,4827.220381,22593.523377393
5.68619181875758,75.6403452282798,25734.8164831205,4818.601809,22414.2474968749
5.82550620198325,85.2173700486361,8152.11513491359,4827.279723,7594.78688904471
12.0930554550217,96.8479792252553,1546.53859361093,2014.533537,1296.19564620641
5.14323903561561,80.8191240236095,15565.0743890463,4818.650995,13537.5261760683
21.9199395717993,83.6796777815481,21511.7102656751,2958.500033,19374.6832237324
16.8494322353691,88.3041919430085,6353.27883292177,2955.54318,5794.84777397053
20.0132780659068,97.4522075411707,9025.51570064524,2115.64859,8114.0004805467
4.37236214899352,66.9281846254944,7250.50974015616,4820.748312,6666.22180301935
12.6196327983049,91.93538587721,7196.75574076074,2020.09835,7037.64188764426
6.48921374926663,80.1874386705987,68116.9153920953,4825.887841,63350.246037031
17.8656781464693,79.8999955601017,7868.24974715673,2955.858851,7268.4147202081
6.142762023655,81.9343570492035,32933.0938024078,4826.953581,30593.0645178942
6.17562503039476,89.9215041998309,24565.8796269881,4824.905595,22265.7229627038
18.4445823179777,90.9905502453763,32401.2650163253,2958.769581,28971.902147901
5.93958604521472,85.7769729126212,44257.7849726714,4819.34675,39548.7788068439
4.96211157116988,73.9240516776208,52430.9799463812,4820.648825,48936.2210892064
5.31893136953129,73.1517497370427,70517.914136895,4819.626681,60389.6409927454
12.9369494197357,97.8933375935372,13553.5564742952,2021.418217,12413.9499406244
5.088577594109,82.9029602941104,16715.0845950235,4822.203824,15760.2245510339
20.6300629268908,73.1893433414466,25597.6565948989,2963.617903,22127.6109003509
5.47765046140531,81.466478832581,65516.9420297481,4823.384449,56700.7559681387
6.08281217600194,73.759257180312,38894.7170874665,4821.229611,36729.8385869061
6.84903576547595,90.7061054003987,17455.8105069356,4823.994246,15323.8577432045
12.3284773363465,95.0079706479545,67439.6590692342,2015.90598,60460.9526964671
5.58878165069251,87.867913693566,14522.1724500366,2013.217673,13508.7029580154
23.2613853591066,82.5655598306954,21364.8001581031,2956.359331,18451.366956985
12.6073807611948,92.0989238048482,4860.17622702363,2016.814794,4526.88075688965
7.01619300321207,91.9800655607414,25030.2179895547,4823.640294,22937.5880634956
19.406437364874,96.5585460016935,20028.3139255171,2119.955247,16509.5291736357
21.1490837116239,73.4274444723569,25207.2285473931,2964.864152,22186.0178630819
18.6906443544095,88.3159998411655,32202.4687783702,2118.317986,28696.7913846653
5.55761004155604,73.5696333243245,34511.5218402396,4822.204169,29480.5739450438
11.273413940666,79.7988868136192,11754.9888008544,2019.329182,11161.1330487877
7.23490706337244,66.5214681358907,26827.7095873772,2015.49684,26635.7351487558
23.011859904023,85.4228684913593,11013.8424250322,2961.633052,10848.1361395747
22.6495886250168,86.5128953511097,22261.983571738,2958.379029,21426.4742588016
5.24811753788789,65.7510893706953,61995.9914620645,4824.897211,55183.4717350301
21.2491685540254,82.4284491179555,19908.6690146507,2964.585478,18098.821191576
21.4173195547146,73.6966907277376,4785.59860295059,2958.864583,4176.70823778139
4.39835055508695,67.234181447618,32263.4184765981,2021.850761,29358.7106908809
17.9993530689314,76.9878081529195,42688.4295233504,2114.706929,40293.015002028
6.18390595019235,76.9279783797056,70638.7303747925,4820.303027,64697.5572472522
5.65406014750325,74.3031533758013,42430.1638553926,4819.816731,38950.1704831229
5.55678615514981,83.7213696945859,76850.6799147093,4818.058151,71476.8003630346
10.992229425874,92.3371571936191,8797.58066365996,2012.677501,8158.89677442999
21.1472274197552,85.8870622805247,30373.8709279628,2958.716771,27663.3730588242
11.2733966274175,79.6818357488259,23853.8922720685,2017.735921,22235.7572565248
5.95440701711648,84.7986874336563,80344.9767260587,4825.999376,70465.6738300633
9.90103597014507,66.1403487447843,49871.8468397704,2016.318363,43282.0779983521
19.1798482180831,87.0691878807978,9008.45667663388,2960.19362,8313.14926004374
20.9464844707715,83.8764968352214,5222.38266602808,2112.319666,5008.5329740009
10.9669266872081,97.4568368249416,11343.8122570109,2019.171711,10385.5426288671
5.53049442267915,81.0510724927688,38426.9141048375,4823.157889,32736.2168073592
9.9273598728244,67.4510665940549,46507.4019203722,2017.513526,41158.9982571261
17.0337728483239,90.9183247965727,17678.6885816571,2960.046321,15275.5495374654
21.4739333843035,83.4365144054231,5309.08636645503,2114.733698,4888.40831769456
6.11498230244135,76.3452897001192,46516.7586212354,4821.353571,41576.4240255989
20.0230671537151,83.4704077205845,27258.0489372236,2955.482337,24390.7130989501
10.8249865292392,96.562243681373,78954.785925987,2013.82423,67546.901421589
9.56865866901161,66.3668409334184,59044.5430557493,2018.828657,53008.2253012277
4.36047344272326,72.4819067798798,11170.7773658527,4824.138571,10574.2525740898
22.0016099735323,88.5237567857249,6588.4636378893,2955.691738,5579.66622095644
16.3456093528903,88.1635456215331,3762.0997171397,2957.147186,3299.77464043855
17.0006445492475,80.8119949876059,18594.3020538536,2955.62362,17057.6360835734
20.6861976486582,96.5002137236607,8466.55273549091,2114.193486,7270.95798503087
17.9440870861245,88.4326634054969,36244.2883427952,2955.909579,32996.4839930012
18.0561461769202,76.4131604070979,44420.5898645502,2113.104323,40336.6560192054
19.5382637688012,82.0016197777411,20269.867812775,2961.452049,18049.1456099943
11.860494854068,87.8710238468799,13985.1672563991,2017.402188,13041.0551220221
19.9780399774748,85.810877833491,20915.3713895662,2958.536653,18198.697819822
19.6790836651764,94.3029524417819,27452.9062086594,2114.587691,23067.9232556152
5.07966370109272,81.1923088633271,29724.5280957314,4820.509884,25798.6918117058
9.93053849044805,67.9047110377791,76632.1271505465,2016.870676,70374.9592661166
21.9236230733314,86.6481139392058,8308.93324230497,2957.483019,7034.01346160853
5.17775867025245,80.2625616979808,21189.0851167125,4822.025316,19087.7633701727
12.598103802553,96.7062927262564,14197.1951004365,2020.311823,12548.0952624499
17.9251128315663,89.5527124522915,4047.36119294418,2961.24206,3945.93602359838
10.3331805564601,61.5915915680484,46506.4145782973,2012.577762,42055.1913158641
7.11619860801989,92.0835900015869,15680.6442556369,4823.710807,13982.9008655273
22.01906916869,97.9721139066285,34742.4158898857,2963.45132,31054.2516353259
7.16031052811092,88.5126024060796,19560.8084518396,2019.486896,18080.373058023
4.62407298495801,71.4014030328347,73319.4101158201,4826.395796,65870.5167860856
19.253003829677,91.8181320895951,12335.4956295242,2958.767027,10977.331630305
5.61940879745027,83.3394295357357,69533.5338738816,4827.645944,67372.8439263017
6.12859486115898,75.566431099698,78991.2443465721,4823.754913,69328.6800992395
10.0269826760629,60.3273407471301,50457.9877762209,2018.136447,48131.5766000477
6.33982497923114,77.862539453478,33479.7937062831,2012.047781,28519.0458181314
18.8409856132653,89.0755639690508,6711.09826907174,2959.557441,5570.30680956389
22.0149810774044,85.9750907072465,5610.75317109111,2120.440626,5360.23397193213
22.2896934382898,87.9658800051473,6582.58995095436,2956.518987,5804.02577573044
6.83832633272088,92.1861469250579,28899.0987788184,4822.933489,27112.6139378212
8.19541075316726,76.3126262071691,32541.0068603148,2016.151416,31199.260617013
6.3438929096327,84.6447798086291,34115.8457027945,4821.905156,30233.3674352598
9.4248000833254,67.2877012724932,23280.9336930899,2020.262931,21769.4939912964
7.09003808026671,88.424453027996,14500.5905292508,2015.195715,13052.7131056186
6.53082497954898,91.6843058163525,48994.5982590847,4819.972417,42678.7564307602
9.43161676804065,66.281847709449,60437.7589513978,2013.181887,52628.4449526758
10.2970353500237,61.5613883212784,32417.3392647611,2021.656001,27758.6490418071
6.22186595325,80.9602808258969,38338.957046565,4820.502345,35995.3728142064
4.49236004174757,74.2346622821698,24938.5362352214,4827.95623,20870.0757227706
5.32991073794609,91.736968584021,12812.9056098446,4826.85146,11650.0007492619
20.5604063184244,86.2251270563804,21197.2384494157,2963.246115,20186.1279798895
22.0876119010004,98.0198309240295,3583.33755314433,2962.034982,3102.00715241732
6.49545124294524,78.3807910091283,30155.271748756,4818.252932,28003.2247879875
20.8241449392153,84.68832102429,23793.5617497882,2962.889041,21262.7839174043
20.8743187310712,96.850503281817,15762.4246476396,2960.744825,14289.375768919
5.29517201298331,81.9683562135923,16851.6552773816,4824.785651,15170.9259038668
21.1551298226547,97.1371155481738,16198.6465365605,2958.391848,13960.9632516987
18.0185590454875,78.9144310882078,51683.0610001911,2114.236085,46057.9745074677
18.343192620658,89.6640737943526,33549.1400258987,2964.296044,29777.0201482909
18.3335649773975,88.9253196594866,51865.2332628247,2962.093018,46812.3093046911
7.59338951399482,90.1318536087267,15439.6585132011,2012.42169,13484.3722883654
6.36696779725047,91.0784764916425,25850.4963866287,4824.10089,24396.9076294114
7.11157138867551,76.7471130883304,32748.5158889031,4822.541739,30568.499392813
18.9203160632318,91.9190659281091,21264.0711506904,2956.340801,20077.9968298728
5.48476693165639,88.31571271162,9752.14147953814,2012.745986,8571.16051791704
11.0847205448422,80.2242965956218,34223.1838827852,2021.601923,30224.0397274862
16.3601717603075,88.5679483263974,14948.0729763262,2955.324668,14010.8083015538
10.996883153105,97.2829837072755,24582.8548601795,2017.815937,21702.3178091833
20.0494803661572,85.7701258465846,20019.0374055137,2961.401867,18615.2896349254
7.53323616877741,87.4847928098773,21515.1779419971,2014.417703,18243.9013057531
7.74479020142415,74.5921166687823,27265.9795094614,2012.423231,24798.2713110309
5.33047496070249,82.138030443464,11715.3567240977,4823.593907,10337.0454899103
5.89551656832835,85.0195012523376,78031.2589136205,4822.1004,72467.3884911994
21.4464839861302,88.0403363925363,2348.30436660625,2116.082019,2158.89892148747
5.80904467523661,83.858429910417,40767.2598812788,4825.209417,38146.9871956757
11.7869920645172,83.0462844096833,16045.4121773217,2013.807614,13841.4627767356
5.79892352125457,72.9511483502146,26667.6029725191,4819.298116,23532.1437458466
6.76980522396358,81.5216958521607,62920.1807001632,4824.584077,59206.7319342191
20.1832309013288,75.1819444103917,20237.1266119502,2961.467076,18513.5575278705
19.4999125996399,97.4624937333301,8615.07225444895,2115.602626,7733.84193157969
5.90534885359127,68.9284104331228,57546.399818917,4819.42265,50320.2728629375
11.7021310254767,90.1713161983074,5552.27218690211,2017.986584,5174.75568616385
11.1592250784936,80.6042875837931,10675.6203407896,2019.371663,9612.34328114167
10.6799298437311,96.6194707119157,75659.0779633415,2018.68999,68073.5472508391
5.25430641344836,66.2601354287501,70384.5414650092,4826.72103,62404.9369674921
19.8620934702936,85.7058353016713,16741.5651567649,2956.86435,14745.1809655539
19.260382080617,90.4760804160446,33123.1252615924,2955.800749,28439.4827519228
20.3858704441457,91.8003983999191,38450.000516816,2119.079645,36396.6189057318
4.47058354250914,74.0024627108786,63130.4460805056,4818.792784,58002.803529906
9.59471650576569,66.5815183294892,38193.2979057459,2013.919614,32798.6553282839
20.2021196884196,95.7594653841777,13280.7930405699,2115.649872,12142.2720754821
20.2517420164482,90.0106963753014,21140.6654175903,2119.745221,18726.1306259663
13.0711984791486,95.3164094407534,38706.2746579884,2020.219322,36494.2176363747
12.0584203713412,94.2215703422102,23783.8079474375,2012.95829,21818.804632022
7.53531496089163,89.00015211048,14452.322013507,2013.490451,13916.5994764677
20.3519764764014,97.8737229331281,29002.8056764438,2962.509833,26308.7088382377
15.4548984238416,90.7231197882099,31361.7981919727,2963.188285,28981.6543643937
17.0310069964808,83.5396333410088,32597.5266630819,2956.078464,28785.4481733978
21.3264257922217,75.6489707067182,23969.4835215538,2960.554991,21654.1807258444
21.4497678557966,73.6955908779256,20440.596652146,2964.207456,17999.9975039958
12.999962749489,79.6775956646253,15232.5273415513,2021.460675,13784.9440731509
10.0547583339472,96.2270625535241,22236.7210903401,2014.225823,19552.8776422287
4.62253383196345,85.2933286063953,44226.6975539204,4822.17165,37937.7237190374
22.0335758897487,74.6596956261461,17857.3371075363,2961.070816,17268.9522959353
13.3831724354868,79.9307895295864,15861.675413256,2021.392177,14499.6347163569
12.266402888714,97.5271956374273,1769.78901011731,2014.112652,1551.28552725061
20.4865000399304,87.8639030904078,10651.2237710897,2121.47533,9913.30813816097
20.4800265444484,98.6731576591778,3432.66254849028,2957.123012,3188.00442152589
5.7455346069754,82.8189269989068,65596.686989529,4822.22979,58757.3055033999
14.0510560609633,87.0445012697847,10691.674914551,2017.320386,9545.76778228435
16.0178705911874,88.2235460750518,24068.7832401662,2961.505528,23675.2518425175
20.5335817486004,86.5995476501897,6756.27072552167,2121.2704,6235.37893414315
4.16040421046616,65.40550424509,33964.1310953946,2012.513397,29061.8327085858
7.99841893327759,69.597128623006,21835.6989631356,2014.180507,18019.4506433331
6.92127121803766,89.9692704436872,77706.5177750732,4824.984614,72779.2873971197
10.8732679933505,96.9289275281529,10717.5101696338,2016.964234,10550.991254638
6.4776752263703,78.8361294726726,31626.7805824345,4820.817064,28496.2106721211
22.6311037212209,86.6201923144336,6957.48524528615,2962.29814,6165.68870102543
15.6942691425498,85.5218886619408,51956.4804738688,2962.49187,45108.638087123
16.7282462815209,89.8575190650523,15900.7909625968,2956.531913,13926.3050136239
17.7474929956926,79.8655498714961,18156.1378594134,2962.041041,16464.2822569102
19.3219686609444,90.5792662900097,26471.6828564835,2117.507511,24312.6489979504
6.45114221537795,80.9268226649375,62525.1106243581,4821.788079,58557.6874673834
19.5989823641214,90.8358168817467,37256.4550732075,2118.859344,34348.245927083
8.13326641535604,95.7294339087568,15081.6297786869,4818.838588,12800.6871953749
21.8043642636305,87.1711855703091,25878.8862628787,2960.134967,23745.006114498
23.1462110214818,86.9987989496346,7864.65717155087,2957.092428,7190.228168766
16.4961622994684,89.2970096035518,3451.72415135513,2962.477928,3043.0408671102
6.0284967513046,75.7795521768824,75997.1689032162,4826.194654,67871.8154161553
17.4969491043159,83.5891163970587,34113.0072189391,2964.343457,29279.3758539878
23.8265990491333,85.188594005394,12194.847031946,2963.867924,10569.523507683
21.4988804332885,85.2341600873783,27800.7429362388,2964.819892,24258.6942945782
6.64718351127054,92.975771307402,13333.9075237496,4819.150062,13063.2931670606
6.58725275625854,90.1409018699532,39510.070013511,4823.561029,33088.2437470531
20.476424706513,97.530534816455,617.31043057946,2961.630499,538.180939522712
4.90865044939639,79.4940282901188,39753.4390601475,4823.157688,37432.9820687839
22.4840771176134,94.067177512202,6616.2391668844,2116.523586,6017.50293229844
18.8081727416334,83.1641337060849,3023.99608943698,2956.186827,2679.22405747526
12.5718488896232,95.5566362835466,42316.3602710263,2015.582754,41230.0842138791
16.6421129474547,88.0501653275602,4073.02536204585,2963.921608,3386.67374367741
6.14602933495492,76.0557377365707,82010.6212946106,4827.174581,70406.6522210264
21.684022358361,98.2197325269694,34354.751575428,2958.610649,28610.5156355744
22.8552072392742,82.5876851785213,12104.924419137,2963.365312,11918.2454169123
7.57643464584736,75.9946182126413,33641.4602667745,2019.334941,30798.2952077448
13.1055748216433,94.7268823888941,40233.0990159891,2015.648156,36756.4662493586
16.7875698423657,89.2569552085627,5876.99570382418,2957.295493,5191.50898723148
7.34598918872123,77.9257395411682,77095.1694933572,4818.87425,69286.615566368
5.43690960870374,75.0688551673739,18132.2421047367,4822.44027,17406.5024933756
12.0137447262167,90.6772051216187,9662.16068758971,2016.580912,9110.0659031554
6.26092587735458,81.7954415548103,82209.7879911746,4823.4185,70823.8925596704
20.9946624227782,89.1087314062731,3449.0648171105,2119.995826,3157.51853066498
7.13075910748296,88.8173638385788,14182.9098419952,2012.943099,12741.5216901343
20.2354400755312,92.0825981269303,57322.299870669,2116.278249,50969.5046830656
4.67132778711618,72.4910508123197,11518.3388435444,4818.994314,10558.920756623
5.29709660690124,82.7447331230355,5896.6126551766,4827.285722,5012.19131403721
5.66905687316837,87.3933938158869,9134.58636487353,2018.052837,8084.64454143223
5.08046237741315,79.3651242677599,63742.6578781175,4819.751952,58561.9263725043
3.8868466540431,76.644495557948,56966.3864375019,4821.561651,54397.2613284051
22.6298125151726,86.4824880995664,3646.91666890222,2962.261253,3135.88607807757
5.54952597802771,82.0481928203782,16109.8005566602,4823.290896,14952.9407004306
17.2765346907241,94.9052792800142,36787.922130154,2962.813954,34922.8063765188
12.0374915921228,91.3584120399535,7452.28954987757,2021.057807,6483.70313809241
21.1992331073182,93.4139800952735,4453.48630937841,2114.83983,4137.08520654414
4.97227690933442,67.6344865157711,62438.8832361459,4819.875537,57280.4491548511
16.2086685360568,83.3932428551524,50950.6590134917,2963.85192,43278.6450603663
17.7762450400129,78.8485165557175,41426.3760643354,2118.87531,40501.0008808208
